Workbook

Sheet PETUNJUK
A1: APLIKASI ANALISIS BUTIR SOAL PILIHAN GANDA
A2: =UPPER(NAMA_MADRASAH)&" | TAHUN PELAJARAN "&TAHUN_AJAR -> MTSN 3 SUBANG | TAHUN PELAJARAN 2025-2026
A4: A. CARA PENGGUNAAN
A5: 1 | B5: Buka sheet IDENTITAS: isi mata pelajaran, kelas, nama guru, kepala madrasah; sesuaikan KKM dan parameter bila perlu.
A6: 2 | B6: Buka sheet KUNCI: isi kunci jawaban (A/B/C/D) tiap nomor. Maksimal 40 butir; nomor yang dikosongkan tidak dianalisis.
A7: 3 | B7: Buka sheet JAWABAN: isi nama siswa dan pilihan jawaban tiap butir (A/B/C/D). Maksimal 50 siswa; kosongkan sel bila siswa tidak menjawab (dihitung salah).
A8: 4 | B8: Data yang ada saat ini ADALAH DATA CONTOH (32 siswa fiktif dan kunci acak). Hapus isian di sheet KUNCI (B6:B45) dan JAWABAN (B6:AR55) sebelum memasukkan data asli.
A9: 5 | B9: Sheet SKOR, NILAI, ANALISIS, PENGECOH, dan REKAP terisi otomatis oleh rumus - jangan diketik ulang.
A10: 6 | B10: Hasil dibaca di REKAP (ringkasan, grafik, kesimpulan, tanda tangan) dan ANALISIS (per butir). Semua sheet hasil sudah diatur untuk dicetak landscape.
A12: B. LEGENDA
B13: Kuning, huruf biru: sel isian (boleh diubah)
B14: Putih, huruf hitam: rumus otomatis (jangan diubah)
A16: C. RUMUS DAN KRITERIA
A17: Aspek | B17: Rumus | C17: Kriteria
A18: Tingkat kesukaran | B18: p = B / N (B = jumlah penjawab benar, N = jumlah peserta) | C18: Sukar: p <= 0,30; Sedang: 0,30 < p <= 0,70; Mudah: p > 0,70
A19: Daya pembeda | B19: D = (BA - BB) / n (kelompok atas dan bawah masing-masing 27% peserta, diurutkan menurut skor total) | C19: D < 0 sangat jelek; 0 - 0,20 jelek; 0,21 - 0,40 cukup; 0,41 - 0,70 baik; > 0,70 baik sekali
A20: Validitas butir | B20: r pbis = (Mp - Mt) / SDt x akar(p/q) (Mp = rata-rata skor total penjawab benar; Mt, SDt = rata-rata & SD skor total) | C20: Valid bila r hitung > r tabel (alpha 5%, db = N - 2). Bila semua/tidak ada yang menjawab benar, r tidak dapat dihitung dan butir dianggap tidak valid.
A21: Reliabilitas tes | B21: KR-20: r11 = k/(k-1) x (1 - Sum(pq) / Varians skor total) | C21: >= 0,80 sangat tinggi; 0,60 - 0,79 tinggi; 0,40 - 0,59 cukup; 0,20 - 0,39 rendah; < 0,20 sangat rendah
A22: Efektivitas pengecoh | B22: Persentase peserta yang memilih tiap opsi (juga jumlah di kelompok atas & bawah) | C22: Pengecoh berfungsi bila dipilih >= 5% peserta
A23: Rekomendasi | B23: Tiga syarat: (1) valid, (2) daya pembeda > 0,20, (3) tingkat kesukaran sedang | C23: 3 syarat terpenuhi = Diterima; 2 syarat = Direvisi; 1 atau 0 syarat, atau D negatif = Diganti/Dibuang
A25: D. CATATAN
A26: - | B26: Setiap jawaban benar diberi skor 1 dan salah/kosong 0. Nilai = skor total / jumlah butir x 100.
A27: - | B27: Angka kriteria di atas adalah nilai awal dan mengikuti parameter di sheet IDENTITAS bila Anda mengubahnya. Kriteria mengacu pada Arikunto, Dasar-Dasar Evaluasi Pendidikan.
A28: - | B28: Korelasi butir-total tidak dikoreksi (butir ikut dihitung dalam skor total). Untuk hasil yang stabil, disarankan jumlah peserta minimal 30 siswa.
A29: - | B29: Kolom bantu abu-abu di ANALISIS (T:V) dan SKOR (kunci urut) dipakai oleh rumus; jangan dihapus.

Sheet KUNCI
A1: KUNCI JAWABAN
A2: =UPPER(NAMA_MADRASAH)&" | TAHUN PELAJARAN "&TAHUN_AJAR -> MTSN 3 SUBANG | TAHUN PELAJARAN 2025-2026
A3: =MAPEL&" | Kelas "&KELAS&" | Semester "&SEMESTER&" | "&JENIS_TES -> Bahasa Indonesia | Kelas IX G | Semester Ganjil | Penilaian Akhir Semester
A4: DATA CONTOH - ganti dengan kunci jawaban asli. Kosongkan nomor yang tidak dipakai.
A5: No | B5: Kunci Jawaban (A/B/C/D) | C5: Materi / Indikator Soal (opsional)
A6: 1 | B6: A
A7: 2 | B7: D
A8: 3 | B8: B
A9: 4 | B9: A
A10: 5 | B10: C
A11: 6 | B11: C
A12: 7 | B12: B
A13: 8 | B13: D
A14: 9 | B14: D
A15: 10 | B15: C
A16: 11 | B16: C
A17: 12 | B17: C
... A45: 40 | B45: C

Sheet IDENTITAS
A1: IDENTITAS & PARAMETER ANALISIS
A2: Sel berwarna kuning dengan huruf biru = isian yang boleh diubah.
A4: A. IDENTITAS
A5: Nama Madrasah | B5: MTsN 3 Subang
A6: Tempat (untuk tanda tangan) | B6: Subang
A7: Tahun Pelajaran | B7: 2025-2026
A8: Semester | B8: Ganjil | C8: Pilih Ganjil / Genap (asumsi awal: Ganjil)
A9: Mata Pelajaran | B9: Bahasa Indonesia | C9: Wajib diisi
A10: Kelas | B10: IX G | C10: Wajib diisi
A11: Jenis Penilaian | B11: Penilaian Akhir Semester | C11: Ubah sesuai ulangan yang dianalisis (PH/PTS/PAS/dll.)
A12: Bentuk Soal | B12: Pilihan Ganda (opsi A-D) | C12: Aplikasi ini untuk pilihan ganda 4 opsi
A13: Guru Mata Pelajaran | B13: Enok Demiyati, S.Pd.
A14: NIP Guru | B14: 196906252005012003
A15: Kepala Madrasah | B15: Rosih, S.Ag
A16: NIP Kepala Madrasah | B16: 197010281994032001
A17: Tanggal Analisis | B17: Senin, 01 Desember 2025 | C17: Ditulis bebas, mis. 15 Januari 2025
A19: B. PARAMETER ANALISIS
A20: KKM / KKTP | B20: 75 | C20: Asumsi awal 75 - sesuaikan dengan KKM/KKTP madrasah
A21: Persentase kelompok atas & bawah | B21: 0.27 | C21: Kelley: 27% peserta tertinggi dan 27% terendah
A22: Taraf signifikansi (alpha) uji validitas | B22: 0.05 | C22: r tabel dihitung dari distribusi t (dua arah), db = N - 2
A23: Soal SUKAR jika p <= | B23: 0.3 | C23: Mengacu Arikunto, Dasar-Dasar Evaluasi Pendidikan
A24: Soal MUDAH jika p > | B24: 0.7 | C24: Di antara kedua batas = SEDANG
A25: Daya pembeda JELEK jika D <= | B25: 0.2 | C25: D < 0 = sangat jelek
A26: Daya pembeda CUKUP jika D <= | B26: 0.4
A27: Daya pembeda BAIK jika D <= | B27: 0.7 | C27: Di atasnya = baik sekali
A28: Pengecoh berfungsi jika dipilih >= | B28: 0.05 | C28: Persentase dari seluruh peserta

Sheet JAWABAN
A1: DATA JAWABAN SISWA
A2: =UPPER(NAMA_MADRASAH)&" | TAHUN PELAJARAN "&TAHUN_AJAR -> MTSN 3 SUBANG | TAHUN PELAJARAN 2025-2026
A3: =MAPEL&" | Kelas "&KELAS&" | Semester "&SEMESTER&" | "&JENIS_TES -> Bahasa Indonesia | Kelas IX G | Semester Ganjil | Penilaian Akhir Semester
A4: DATA CONTOH (32 siswa fiktif) - hapus isi B6:AR55 lalu isi dengan data asli. Kosongkan sel jika siswa tidak menjawab.
A5: No | B5: Nama Siswa | C5: Kelas | D5: NISN | E5: 1 | F5: 2 | G5: 3 | H5: 4 | I5: 5 | J5: 6 | K5: 7 | L5: 8 | M5: 9 | N5: 10 | O5: 11 | P5: 12 | Q5: 13 | R5: 14 | S5: 15 | T5: 16 | U5: 17 | V5: 18 | W5: 19 | X5: 20 | Y5: 21 | Z5: 22 | AA5: 23 | AB5: 24 | AC5: 25 | AD5: 26 | AE5: 27 | AF5: 28 | AG5: 29 | AH5: 30 | AI5: 31 | AJ5: 32 | AK5: 33 | AL5: 34 | AM5: 35 | AN5: 36 | AO5: 37 | AP5: 38 | AQ5: 39 | AR5: 40
A6: 1 | B6: SISWA 01 | C6: =KELAS -> IX G | D6: 0123031 | E6: A | F6: C | G6: B | H6: C | I6: C | J6: D | K6: D | L6: D | M6: C | N6: B | P6: B | Q6: D | R6: D | S6: C | T6: B | U6: C | V6: C | W6: A | X6: C | Y6: D | Z6: D | AA6: C | AB6: A | AC6: C | AD6: C | AE6: D | AF6: D | AG6: D | AH6: D | AJ6: D | AK6: A | AL6: B | AM6: C | AN6: B | AO6: C | AP6: B | AQ6: B | AR6: A
A7: 2 | B7: SISWA 02 | C7: =KELAS -> IX G | D7: 0123030 | E7: B | F7: D | G7: D | H7: A | I7: C | J7: C | K7: B | L7: D | M7: D | N7: B | O7: C | P7: C | Q7: D | R7: A | S7: B | T7: C | U7: C | V7: A | W7: C | X7: B | Y7: D | Z7: D | AA7: A | AB7: C | AC7: D | AE7: A | AF7: C | AG7: D | AH7: D | AJ7: B | AK7: D | AL7: B | AM7: A | AN7: B | AO7: B | AP7: D | AQ7: D | AR7: C
A8: 3 | B8: SISWA 03 | C8: =KELAS -> IX G | D8: 0123029 | E8: B | F8: B | G8: C | H8: A | I8: B | J8: B | K8: C | L8: D | M8: D | N8: B | O8: B | P8: C | Q8: D | R8: A | S8: D | T8: C | U8: D | V8: B | W8: C | X8: D | Y8: B | Z8: D | AA8: A | AB8: C | AC8: D | AD8: B | AE8: C | AF8: B | AG8: C | AH8: C | AI8: B | AJ8: C | AL8: B | AM8: A | AN8: B | AO8: C | AP8: A | AQ8: D | AR8: A
A9: 4 | B9: SISWA 04 | C9: =KELAS -> IX G | D9: 0123028 | E9: C | F9: C | G9: B | H9: A | I9: B | J9: B | K9: B | L9: D | M9: D | N9: C | O9: C | P9: B | Q9: D | R9: D | S9: B | T9: D | U9: C | V9: A | X9: A | Y9: D | Z9: D | AA9: A | AB9: D | AC9: B | AD9: D | AE9: B | AF9: D | AG9: A | AH9: D | AI9: B | AJ9: B | AK9: B | AL9: B | AM9: C | AN9: D | AO9: B | AP9: C | AQ9: C | AR9: C
A10: 5 | B10: SISWA 05 | C10: =KELAS -> IX G | D10: 0123027 | E10: A | F10: D | G10: B | I10: C | J10: B | K10: C | L10: D | M10: D | N10: C | O10: C | P10: C | Q10: D | R10: A | S10: B | T10: C | U10: C | V10: A | W10: C | X10: B | Y10: D | Z10: D | AA10: A | AB10: C | AC10: D | AD10: C | AE10: C | AF10: B | AG10: D | AH10: D | AI10: B | AJ10: B | AK10: D | AL10: B | AM10: A | AN10: B | AO10: B | AP10: B | AQ10: B | AR10: C
A11: 6 | B11: SISWA 06 | C11: =KELAS -> IX G | D11: 0123026 | E11: C | F11: C | G11: C | H11: A | J11: C | K11: B | L11: D | M11: D | N11: C | O11: C | P11: D | Q11: D | R11: A | S11: B | T11: D | U11: A | V11: A | W11: C | X11: B | Y11: D | Z11: D | AA11: A | AB11: C | AC11: A | AD11: C | AE11: C | AF11: C | AG11: D | AH11: D | AI11: B | AJ11: B | AK11: B | AL11: D | AM11: A | AN11: B | AO11: B | AP11: B | AQ11: D | AR11: D
A12: 7 | B12: SISWA 07 | C12: =KELAS -> IX G | D12: 0123025 | E12: A | F12: A | G12: B | H12: A | I12: D | J12: C | K12: B | L12: D | M12: D | N12: C | O12: D | P12: D | Q12: D | R12: D | S12: C | T12: D | U12: B | V12: D | W12: C | X12: A | Y12: D | Z12: C | AA12: A | AB12: C | AC12: D | AD12: A | AE12: C | AF12: D | AG12: C | AH12: D | AI12: D | AJ12: B | AK12: D | AL12: D | AM12: A | AN12: B | AO12: C | AP12: B | AQ12: D | AR12: C
A13: 8 | B13: SISWA 08 | C13: =KELAS -> IX G | D13: 0123024 | F13: B | G13: C | H13: B | I13: C | K13: B | L13: D | M13: A | N13: A | O13: B | P13: A | Q13: D | R13: A | S13: D | T13: B | U13: C | V13: A | W13: C | X13: B | Y13: D | Z13: C | AA13: C | AB13: A | AC13: D | AD13: D | AE13: B | AF13: B | AG13: B | AH13: D | AI13: D | AJ13: D | AK13: D | AL13: D | AM13: A | AN13: B | AO13: B | AP13: C | AQ13: A | AR13: C
A14: 9 | B14: SISWA 09 | C14: =KELAS -> IX G | D14: 0123023 | E14: A | F14: D | G14: B | H14: D | I14: C | K14: C | L14: A | M14: B | N14: B | O14: A | P14: C | Q14: D | R14: D | S14: B | T14: A | U14: B | W14: C | X14: B | Y14: A | Z14: C | AA14: A | AB14: B | AC14: D | AD14: B | AE14: A | AG14: D | AH14: D | AI14: B | AJ14: B | AK14: D | AL14: D | AM14: D | AN14: D | AO14: B | AP14: B | AQ14: A | AR14: C
A15: 10 | B15: SISWA 10 | C15: =KELAS -> IX G | D15: 0123022 | E15: A | F15: D | G15: B | H15: A | I15: C | J15: B | K15: D | L15: C | M15: A | N15: D | O15: D | P15: C | Q15: D | R15: C | S15: C | T15: A | U15: B | V15: D | W15: C | X15: B | Y15: C | Z15: C | AA15: B | AB15: C | AC15: D | AD15: A | AE15: B | AF15: D | AG15: A | AH15: D | AI15: A | AJ15: B | AK15: D | AL15: B | AM15: A | AN15: B | AO15: A | AP15: B | AQ15: D | AR15: C
A16: 11 | B16: SISWA 11 | C16: =KELAS -> IX G | D16: 0123021 | E16: A | F16: D | G16: D | H16: A | I16: A | J16: C | K16: B | L16: D | M16: A | N16: C | O16: D | P16: C | Q16: D | R16: A | S16: B | T16: C | U16: D | V16: A | W16: D | X16: B | Y16: D | Z16: D | AA16: A | AB16: C | AC16: D | AD16: C | AE16: C | AF16: B | AG16: D | AI16: A | AJ16: A | AK16: D | AL16: B | AM16: A | AN16: B | AO16: B | AP16: D | AQ16: D | AR16: C
A17: 12 | B17: SISWA 12 | C17: =KELAS -> IX G | D17: 0123020 | E17: A | F17: D | G17: A | H17: A | I17: C | J17: C | L17: D | M17: B | N17: C | O17: C | P17: C | Q17: A | R17: A | S17: D | T17: B | V17: C | W17: A | X17: D | Y17: D | Z17: A | AA17: A | AB17: C | AC17: B | AD17: C | AF17: B | AG17: B | AH17: A | AI17: B | AJ17: B | AK17: D | AL17: B | AM17: A | AN17: B | AO17: A | AP17: B | AQ17: D | AR17: C
A18: 13 | B18: SISWA 13 | C18: =KELAS -> IX G | D18: 0123019 | E18: A | F18: D | G18: D | H18: A | I18: C | J18: C | K18: B | L18: D | N18: A | O18: C | P18: C | Q18: D | R18: B | S18: B | T18: C | U18: D | V18: A | W18: C | X18: B | Y18: D | Z18: D | AB18: C | AC18: D | AD18: C | AE18: C | AF18: C | AG18: D | AH18: D | AI18: C | AJ18: B | AK18: D | AL18: B | AM18: A | AN18: B | AO18: B | AP18: B | AQ18: A | AR18: C
A19: 14 | B19: SISWA 14 | C19: =KELAS -> IX G | D19: 0123018 | E19: C | F19: D | H19: C | I19: D | K19: D | L19: C | M19: C | N19: C | O19: D | P19: B | Q19: D | R19: B | S19: A | T19: C | U19: B | V19: D | W19: D | X19: B | Y19: D | Z19: D | AA19: B | AB19: A | AC19: C | AD19: C | AE19: C | AF19: B | AG19: C | AH19: A | AI19: B | AJ19: B | AK19: D | AL19: A | AM19: B | AN19: D | AO19: D | AQ19: D | AR19: D
A20: 15 | B20: SISWA 15 | C20: =KELAS -> IX G | D20: 0123017 | E20: A | F20: D | G20: B | H20: A | I20: C | J20: D | K20: B | L20: D | M20: D | N20: B | O20: C | Q20: B | R20: C | S20: B | T20: B | U20: C | V20: C | W20: D | X20: A | Y20: C | Z20: D | AA20: A | AB20: C | AC20: C | AD20: D | AE20: C | AF20: D | AG20: D | AH20: A | AI20: B | AJ20: B | AK20: A | AL20: B | AM20: A | AN20: B | AO20: B | AP20: C | AQ20: A | AR20: C
A21: 16 | B21: SISWA 16 | C21: =KELAS -> IX G | D21: 0123016 | E21: A | F21: A | G21: C | H21: A | I21: A | J21: C | K21: B | L21: D | M21: A | N21: C | O21: C | P21: C | R21: A | S21: B | T21: C | U21: D | V21: A | W21: C | X21: B | Y21: D | Z21: D | AA21: A | AB21: C | AC21: D | AD21: C | AE21: A | AF21: C | AG21: C | AH21: D | AI21: B | AJ21: B | AK21: D | AL21: B | AM21: A | AN21: B | AO21: D | AP21: C | AQ21: B | AR21: C
A22: 17 | B22: SISWA 17 | C22: =KELAS -> IX G | D22: 0123015 | E22: B | F22: D | G22: B | H22: A | I22: C | J22: C | K22: B | L22: D | M22: D | N22: C | O22: C | P22: C | R22: A | S22: B | T22: C | U22: B | V22: A | W22: C | X22: B | Y22: A | Z22: C | AA22: A | AB22: C | AC22: A | AD22: A | AE22: C | AF22: C | AG22: D | AH22: D | AI22: B | AJ22: B | AK22: B | AL22: B | AM22: A | AN22: A | AO22: B | AP22: B | AQ22: D | AR22: C
A23: 18 | B23: SISWA 18 | C23: =KELAS -> IX G | D23: 0123014 | E23: B | F23: D | G23: B | H23: A | I23: C | J23: C | K23: B | L23: D | M23: B | N23: C | O23: C | P23: C | Q23: A | R23: A | S23: B | T23: C | U23: C | V23: D | W23: C | X23: B | Y23: D | Z23: D | AB23: C | AC23: B | AD23: C | AE23: C | AF23: A | AG23: D | AH23: D | AI23: B | AJ23: A | AK23: D | AL23: B | AM23: A | AN23: B | AO23: B | AP23: B | AQ23: C | AR23: C
A24: 19 | B24: SISWA 19 | C24: =KELAS -> IX G | D24: 0123013 | E24: D | F24: A | G24: B | I24: C | J24: C | K24: D | L24: D | M24: B | O24: C | P24: C | Q24: D | R24: A | S24: D | T24: C | U24: B | V24: C | W24: D | X24: A | Y24: B | AA24: A | AB24: C | AC24: D | AD24: C | AE24: B | AG24: C | AH24: D | AI24: B | AJ24: C | AK24: D | AL24: B | AM24: D | AN24: B | AO24: A | AP24: B | AQ24: D | AR24: C
A25: 20 | B25: SISWA 20 | C25: =KELAS -> IX G | D25: 0123012 | E25: A | F25: D | G25: B | H25: A | I25: C | J25: B | K25: B | L25: D | M25: B | N25: A | O25: C | P25: C | Q25: D | R25: B | S25: B | T25: C | U25: C | V25: A | W25: D | X25: B | Y25: D | Z25: C | AA25: A | AB25: A | AC25: D | AD25: C | AE25: C | AF25: C | AG25: D | AH25: D | AI25: B | AJ25: B | AK25: C | AL25: D | AM25: A | AN25: B | AO25: B | AP25: B | AQ25: D | AR25: C
A26: 21 | B26: SISWA 21 | C26: =KELAS -> IX G | D26: 0123011 | E26: C | F26: D | G26: B | H26: A | I26: C | J26: C | K26: B | L26: B | M26: C | N26: C | O26: C | P26: C | Q26: D | R26: A | S26: D | T26: C | U26: C | V26: A | W26: C | X26: B | Y26: D | Z26: D | AA26: D | AB26: C | AC26: C | AD26: D | AE26: C | AF26: C | AG26: D | AH26: A | AI26: B | AJ26: D | AK26: D | AL26: B | AM26: A | AN26: B | AO26: A | AP26: B | AQ26: C | AR26: A
A27: 22 | B27: SISWA 22 | C27: =KELAS -> IX G | D27: 0123010 | E27: A | F27: D | G27: A | H27: A | I27: A | J27: C | K27: B | L27: D | M27: C | N27: A | O27: C | P27: C | Q27: B | R27: A | S27: D | T27: C | U27: D | V27: A | W27: A | X27: B | Y27: C | Z27: D | AA27: C | AB27: A | AC27: D | AD27: C | AE27: C | AF27: C | AG27: D | AH27: D | AI27: D | AJ27: D | AK27: D | AL27: B | AM27: A | AN27: A | AO27: C | AP27: B | AQ27: C | AR27: C
A28: 23 | B28: SISWA 23 | C28: =KELAS -> IX G | D28: 012309 | E28: D | F28: D | H28: D | I28: D | J28: C | K28: B | L28: D | M28: D | N28: C | O28: C | P28: D | Q28: D | R28: A | S28: B | T28: A | U28: C | V28: C | W28: B | X28: B | Y28: C | Z28: D | AA28: A | AB28: C | AC28: B | AD28: C | AE28: C | AF28: C | AG28: D | AH28: D | AI28: B | AJ28: A | AK28: C | AL28: B | AM28: C | AN28: C | AO28: B | AP28: B | AQ28: B | AR28: C
A29: 24 | B29: SISWA 24 | C29: =KELAS -> IX G | D29: 012308 | E29: B | F29: C | G29: B | H29: A | I29: B | J29: D | K29: B | L29: A | M29: B | N29: A | O29: C | P29: B | Q29: B | R29: A | S29: A | T29: C | U29: C | V29: D | W29: C | X29: D | Y29: B | Z29: D | AA29: A | AB29: A | AC29: A | AD29: C | AE29: C | AF29: C | AG29: D | AH29: A | AI29: C | AJ29: C | AK29: C | AL29: C | AM29: A | AN29: A | AO29: B | AP29: D | AQ29: D | AR29: A
A30: 25 | B30: SISWA 25 | C30: =KELAS -> IX G | D30: 012307 | E30: D | F30: A | G30: B | H30: A | I30: C | J30: C | K30: C | L30: D | M30: D | N30: C | O30: C | P30: D | Q30: D | R30: A | T30: D | U30: C | V30: A | W30: D | X30: B | Y30: D | Z30: D | AA30: A | AB30: C | AC30: D | AD30: C | AE30: C | AF30: C | AG30: D | AH30: D | AI30: B | AJ30: B | AK30: C | AL30: C | AN30: B | AO30: B | AP30: B | AQ30: D | AR30: A
A31: 26 | B31: SISWA 26 | C31: =KELAS -> IX G | D31: 012306 | E31: A | F31: D | G31: B | H31: A | I31: C | J31: A | K31: A | L31: D | M31: B | N31: A | O31: C | P31: B | Q31: D | R31: D | S31: A | T31: B | U31: D | V31: A | W31: B | X31: C | Y31: C | Z31: C | AA31: A | AB31: A | AC31: D | AD31: B | AE31: D | AF31: D | AG31: A | AH31: D | AI31: C | AJ31: B | AL31: D | AM31: D | AN31: D | AO31: B | AP31: C | AQ31: D | AR31: C
A32: 27 | B32: SISWA 28 | C32: =KELAS -> IX G | D32: 012304 | E32: A | F32: D | G32: D | H32: A | I32: D | J32: A | K32: B | L32: D | M32: D | N32: C | O32: C | P32: C | Q32: C | R32: B | S32: B | T32: C | U32: A | V32: B | W32: C | X32: B | Z32: D | AA32: A | AB32: A | AC32: D | AD32: C | AE32: D | AF32: A | AG32: D | AH32: D | AI32: B | AJ32: B | AK32: D | AL32: B | AM32: B | AN32: C | AO32: A | AP32: D | AQ32: C | AR32: C
A33: 28 | B33: SISWA 29 | C33: =KELAS -> IX G | D33: 012303 | E33: A | F33: D | G33: B | H33: B | I33: C | J33: C | L33: D | M33: D | N33: A | O33: A | P33: C | Q33: A | R33: A | S33: B | T33: C | U33: B | V33: D | W33: B | X33: B | Y33: D | Z33: D | AA33: D | AB33: C | AC33: D | AD33: C | AE33: C | AF33: C | AG33: A | AI33: B | AJ33: B | AK33: D | AL33: C | AM33: A | AN33: D | AO33: A | AP33: B | AQ33: D | AR33: C
A34: 29 | B34: SISWA 30 | C34: =KELAS -> IX G | D34: 012302 | E34: A | F34: D | G34: B | H34: A | J34: B | K34: C | L34: D | M34: D | N34: D | O34: A | P34: B | Q34: D | R34: C | S34: B | T34: C | U34: A | W34: C | X34: B | Y34: D | Z34: D | AA34: A | AB34: C | AC34: D | AD34: C | AE34: A | AF34: B | AG34: C | AH34: A | AI34: B | AJ34: B | AK34: A | AL34: B | AM34: A | AN34: A | AO34: D | AP34: A | AQ34: B | AR34: C
A35: 30 | B35: SISWA 31 | C35: =KELAS -> IX G | D35: 012301 | E35: A | F35: D | G35: A | H35: C | I35: A | J35: A | K35: B | L35: D | M35: D | N35: B | O35: A | P35: C | Q35: D | R35: C | S35: A | T35: D | U35: C | V35: A | W35: C | X35: B | Y35: A | Z35: C | AA35: A | AB35: C | AC35: D | AD35: B | AE35: D | AF35: A | AG35: A | AH35: A | AI35: B | AJ35: B | AK35: C | AL35: A | AM35: B | AN35: B | AO35: C | AP35: B | AQ35: D | AR35: D
A36: 31 | B36: SISWA 32 | D36: 012300 | F36: D | G36: B | H36: A | I36: A | J36: C | K36: D | L36: D | M36: C | N36: C | O36: C | P36: B | Q36: C | R36: A | S36: C | U36: C | V36: B | W36: C | X36: B | Y36: C | Z36: C | AA36: A | AB36: C | AC36: B | AD36: A | AE36: C | AF36: C | AG36: B | AH36: C | AI36: A | AJ36: B | AK36: D | AL36: B | AM36: D | AN36: A | AO36: C | AP36: B | AQ36: D
A37: 32
A38: 33
A39: 34
A40: 35
A41: 36
A42: 37
A43: 38
A44: 39
A45: 40
A46: 41
A47: 42
A48: 43
... A55: 50

Sheet SKOR
A1: MATRIKS SKOR (1 = benar, 0 = salah)
A2: =UPPER(NAMA_MADRASAH)&" | TAHUN PELAJARAN "&TAHUN_AJAR -> MTSN 3 SUBANG | TAHUN PELAJARAN 2025-2026
A3: =MAPEL&" | Kelas "&KELAS&" | Semester "&SEMESTER&" | "&JENIS_TES -> Bahasa Indonesia | Kelas IX G | Semester Ganjil | Penilaian Akhir Semester
D4: Kunci | E4: =IF(INDEX(KUNCI!$B$6:$B$45,E$5)="","",UPPER(INDEX(KUNCI!$B$6:$B$45,E$5))) -> A | F4: =IF(INDEX(KUNCI!$B$6:$B$45,F$5)="","",UPPER(INDEX(KUNCI!$B$6:$B$45,F$5))) -> D | G4: =IF(INDEX(KUNCI!$B$6:$B$45,G$5)="","",UPPER(INDEX(KUNCI!$B$6:$B$45,G$5))) -> B | H4: =IF(INDEX(KUNCI!$B$6:$B$45,H$5)="","",UPPER(INDEX(KUNCI!$B$6:$B$45,H$5))) -> A | I4: =IF(INDEX(KUNCI!$B$6:$B$45,I$5)="","",UPPER(INDEX(KUNCI!$B$6:$B$45,I$5))) -> C | J4: =IF(INDEX(KUNCI!$B$6:$B$45,J$5)="","",UPPER(INDEX(KUNCI!$B$6:$B$45,J$5))) -> C | K4: =IF(INDEX(KUNCI!$B$6:$B$45,K$5)="","",UPPER(INDEX(KUNCI!$B$6:$B$45,K$5))) -> B | L4: =IF(INDEX(KUNCI!$B$6:$B$45,L$5)="","",UPPER(INDEX(KUNCI!$B$6:$B$45,L$5))) -> D | ... AR4: =IF(INDEX(KUNCI!$B$6:$B$45,AR$5)="","",UPPER(INDEX(KUNCI!$B$6:$B$45,AR$5))) -> C
A5: No | B5: Nama Siswa | C5: Kelas | D5: NISN | E5: 1 | F5: 2 | G5: 3 | H5: 4 | I5: 5 | J5: 6 | K5: 7 | L5: 8 | M5: 9 | N5: 10 | O5: 11 | P5: 12 | Q5: 13 | R5: 14 | S5: 15 | T5: 16 | U5: 17 | V5: 18 | W5: 19 | X5: 20 | Y5: 21 | Z5: 22 | AA5: 23 | AB5: 24 | AC5: 25 | AD5: 26 | AE5: 27 | AF5: 28 | AG5: 29 | AH5: 30 | AI5: 31 | AJ5: 32 | AK5: 33 | AL5: 34 | AM5: 35 | AN5: 36 | AO5: 37 | AP5: 38 | AQ5: 39 | AR5: 40 | AS5: Skor | AT5: Nilai | AU5: Ketuntasan | AV5: Kunci urut (bantu) | AW5: Urutan unik | AX5: Peringkat | AY5: Kelompok
A6: 1 | B6: =IF(JAWABAN!B6="","",JAWABAN!B6) -> SISWA 01 | C6: =IF(JAWABAN!C6="","",JAWABAN!C6) -> IX G | D6: =IF(JAWABAN!D6="","",JAWABAN!D6) -> 0123031 | E6: =IF(OR($B6="",E$4=""),"",IF(UPPER(TRIM(JAWABAN!E6))=E$4,1,0)) -> 1 | F6: =IF(OR($B6="",F$4=""),"",IF(UPPER(TRIM(JAWABAN!F6))=F$4,1,0)) -> 0 | G6: =IF(OR($B6="",G$4=""),"",IF(UPPER(TRIM(JAWABAN!G6))=G$4,1,0)) -> 1 | H6: =IF(OR($B6="",H$4=""),"",IF(UPPER(TRIM(JAWABAN!H6))=H$4,1,0)) -> 0 | I6: =IF(OR($B6="",I$4=""),"",IF(UPPER(TRIM(JAWABAN!I6))=I$4,1,0)) -> 1 | J6: =IF(OR($B6="",J$4=""),"",IF(UPPER(TRIM(JAWABAN!J6))=J$4,1,0)) -> 0 | K6: =IF(OR($B6="",K$4=""),"",IF(UPPER(TRIM(JAWABAN!K6))=K$4,1,0)) -> 0 | L6: =IF(OR($B6="",L$4=""),"",IF(UPPER(TRIM(JAWABAN!L6))=L$4,1,0)) -> 1 | ... AR6: =IF(OR($B6="",AR$4=""),"",IF(UPPER(TRIM(JAWABAN!AR6))=AR$4,1,0)) -> 0 | AS6: =IF($B6="","",SUM(E6:AR6)) -> 14 | AT6: =IF(AS6="","",IFERROR(ROUND(AS6/K_SOAL*100,2),"")) -> 35 | AU6: =IF(AT6="","",IF(AT6>=NILAI_KKM,"Tuntas","Belum tuntas")) -> Belum tuntas | AV6: =IF(AS6="","",AS6+(1000-ROW())/100000) -> 14.00994 | AW6: =IF(AV6="","",RANK(AV6,$AV$6:$AV$55)) -> 30 | AX6: =IF(AS6="","",RANK(AS6,$AS$6:$AS$55)) -> 30 | AY6: =IF(AW6="","",IF(AW6<=N_GRUP,"Atas",IF(AW6>N_SISWA-N_GRUP,"Bawah","Tengah"))) -> Bawah
A7: 2 | B7: =IF(JAWABAN!B7="","",JAWABAN!B7) -> SISWA 02 | C7: =IF(JAWABAN!C7="","",JAWABAN!C7) -> IX G | D7: =IF(JAWABAN!D7="","",JAWABAN!D7) -> 0123030 | E7: =IF(OR($B7="",E$4=""),"",IF(UPPER(TRIM(JAWABAN!E7))=E$4,1,0)) -> 0 | F7: =IF(OR($B7="",F$4=""),"",IF(UPPER(TRIM(JAWABAN!F7))=F$4,1,0)) -> 1 | G7: =IF(OR($B7="",G$4=""),"",IF(UPPER(TRIM(JAWABAN!G7))=G$4,1,0)) -> 0 | H7: =IF(OR($B7="",H$4=""),"",IF(UPPER(TRIM(JAWABAN!H7))=H$4,1,0)) -> 1 | I7: =IF(OR($B7="",I$4=""),"",IF(UPPER(TRIM(JAWABAN!I7))=I$4,1,0)) -> 1 | J7: =IF(OR($B7="",J$4=""),"",IF(UPPER(TRIM(JAWABAN!J7))=J$4,1,0)) -> 1 | K7: =IF(OR($B7="",K$4=""),"",IF(UPPER(TRIM(JAWABAN!K7))=K$4,1,0)) -> 1 | L7: =IF(OR($B7="",L$4=""),"",IF(UPPER(TRIM(JAWABAN!L7))=L$4,1,0)) -> 1 | ... AR7: =IF(OR($B7="",AR$4=""),"",IF(UPPER(TRIM(JAWABAN!AR7))=AR$4,1,0)) -> 1 | AS7: =IF($B7="","",SUM(E7:AR7)) -> 33 | AT7: =IF(AS7="","",IFERROR(ROUND(AS7/K_SOAL*100,2),"")) -> 82.5 | AU7: =IF(AT7="","",IF(AT7>=NILAI_KKM,"Tuntas","Belum tuntas")) -> Tuntas | AV7: =IF(AS7="","",AS7+(1000-ROW())/100000) -> 33.00993 | AW7: =IF(AV7="","",RANK(AV7,$AV$6:$AV$55)) -> 2 | AX7: =IF(AS7="","",RANK(AS7,$AS$6:$AS$55)) -> 2 | AY7: =IF(AW7="","",IF(AW7<=N_GRUP,"Atas",IF(AW7>N_SISWA-N_GRUP,"Bawah","Tengah"))) -> Atas
A8: 3 | B8: =IF(JAWABAN!B8="","",JAWABAN!B8) -> SISWA 03 | C8: =IF(JAWABAN!C8="","",JAWABAN!C8) -> IX G | D8: =IF(JAWABAN!D8="","",JAWABAN!D8) -> 0123029 | E8: =IF(OR($B8="",E$4=""),"",IF(UPPER(TRIM(JAWABAN!E8))=E$4,1,0)) -> 0 | F8: =IF(OR($B8="",F$4=""),"",IF(UPPER(TRIM(JAWABAN!F8))=F$4,1,0)) -> 0 | G8: =IF(OR($B8="",G$4=""),"",IF(UPPER(TRIM(JAWABAN!G8))=G$4,1,0)) -> 0 | H8: =IF(OR($B8="",H$4=""),"",IF(UPPER(TRIM(JAWABAN!H8))=H$4,1,0)) -> 1 | I8: =IF(OR($B8="",I$4=""),"",IF(UPPER(TRIM(JAWABAN!I8))=I$4,1,0)) -> 0 | J8: =IF(OR($B8="",J$4=""),"",IF(UPPER(TRIM(JAWABAN!J8))=J$4,1,0)) -> 0 | K8: =IF(OR($B8="",K$4=""),"",IF(UPPER(TRIM(JAWABAN!K8))=K$4,1,0)) -> 0 | L8: =IF(OR($B8="",L$4=""),"",IF(UPPER(TRIM(JAWABAN!L8))=L$4,1,0)) -> 1 | ... AR8: =IF(OR($B8="",AR$4=""),"",IF(UPPER(TRIM(JAWABAN!AR8))=AR$4,1,0)) -> 0 | AS8: =IF($B8="","",SUM(E8:AR8)) -> 18 | AT8: =IF(AS8="","",IFERROR(ROUND(AS8/K_SOAL*100,2),"")) -> 45 | AU8: =IF(AT8="","",IF(AT8>=NILAI_KKM,"Tuntas","Belum tuntas")) -> Belum tuntas | AV8: =IF(AS8="","",AS8+(1000-ROW())/100000) -> 18.00992 | AW8: =IF(AV8="","",RANK(AV8,$AV$6:$AV$55)) -> 26 | AX8: =IF(AS8="","",RANK(AS8,$AS$6:$AS$55)) -> 26 | AY8: =IF(AW8="","",IF(AW8<=N_GRUP,"Atas",IF(AW8>N_SISWA-N_GRUP,"Bawah","Tengah"))) -> Bawah
A9: 4 | B9: =IF(JAWABAN!B9="","",JAWABAN!B9) -> SISWA 04 | C9: =IF(JAWABAN!C9="","",JAWABAN!C9) -> IX G | D9: =IF(JAWABAN!D9="","",JAWABAN!D9) -> 0123028 | E9: =IF(OR($B9="",E$4=""),"",IF(UPPER(TRIM(JAWABAN!E9))=E$4,1,0)) -> 0 | F9: =IF(OR($B9="",F$4=""),"",IF(UPPER(TRIM(JAWABAN!F9))=F$4,1,0)) -> 0 | G9: =IF(OR($B9="",G$4=""),"",IF(UPPER(TRIM(JAWABAN!G9))=G$4,1,0)) -> 1 | H9: =IF(OR($B9="",H$4=""),"",IF(UPPER(TRIM(JAWABAN!H9))=H$4,1,0)) -> 1 | I9: =IF(OR($B9="",I$4=""),"",IF(UPPER(TRIM(JAWABAN!I9))=I$4,1,0)) -> 0 | J9: =IF(OR($B9="",J$4=""),"",IF(UPPER(TRIM(JAWABAN!J9))=J$4,1,0)) -> 0 | K9: =IF(OR($B9="",K$4=""),"",IF(UPPER(TRIM(JAWABAN!K9))=K$4,1,0)) -> 1 | L9: =IF(OR($B9="",L$4=""),"",IF(UPPER(TRIM(JAWABAN!L9))=L$4,1,0)) -> 1 | ... AR9: =IF(OR($B9="",AR$4=""),"",IF(UPPER(TRIM(JAWABAN!AR9))=AR$4,1,0)) -> 1 | AS9: =IF($B9="","",SUM(E9:AR9)) -> 20 | AT9: =IF(AS9="","",IFERROR(ROUND(AS9/K_SOAL*100,2),"")) -> 50 | AU9: =IF(AT9="","",IF(AT9>=NILAI_KKM,"Tuntas","Belum tuntas")) -> Belum tuntas | AV9: =IF(AS9="","",AS9+(1000-ROW())/100000) -> 20.00991 | AW9: =IF(AV9="","",RANK(AV9,$AV$6:$AV$55)) -> 21 | AX9: =IF(AS9="","",RANK(AS9,$AS$6:$AS$55)) -> 21 | AY9: =IF(AW9="","",IF(AW9<=N_GRUP,"Atas",IF(AW9>N_SISWA-N_GRUP,"Bawah","Tengah"))) -> Tengah
A10: 5 | B10: =IF(JAWABAN!B10="","",JAWABAN!B10) -> SISWA 05 | C10: =IF(JAWABAN!C10="","",JAWABAN!C10) -> IX G | D10: =IF(JAWABAN!D10="","",JAWABAN!D10) -> 0123027 | E10: =IF(OR($B10="",E$4=""),"",IF(UPPER(TRIM(JAWABAN!E10))=E$4,1,0)) -> 1 | F10: =IF(OR($B10="",F$4=""),"",IF(UPPER(TRIM(JAWABAN!F10))=F$4,1,0)) -> 1 | G10: =IF(OR($B10="",G$4=""),"",IF(UPPER(TRIM(JAWABAN!G10))=G$4,1,0)) -> 1 | H10: =IF(OR($B10="",H$4=""),"",IF(UPPER(TRIM(JAWABAN!H10))=H$4,1,0)) -> 0 | I10: =IF(OR($B10="",I$4=""),"",IF(UPPER(TRIM(JAWABAN!I10))=I$4,1,0)) -> 1 | J10: =IF(OR($B10="",J$4=""),"",IF(UPPER(TRIM(JAWABAN!J10))=J$4,1,0)) -> 0 | K10: =IF(OR($B10="",K$4=""),"",IF(UPPER(TRIM(JAWABAN!K10))=K$4,1,0)) -> 0 | L10: =IF(OR($B10="",L$4=""),"",IF(UPPER(TRIM(JAWABAN!L10))=L$4,1,0)) -> 1 | ... AR10: =IF(OR($B10="",AR$4=""),"",IF(UPPER(TRIM(JAWABAN!AR10))=AR$4,1,0)) -> 1 | AS10: =IF($B10="","",SUM(E10:AR10)) -> 35 | AT10: =IF(AS10="","",IFERROR(ROUND(AS10/K_SOAL*100,2),"")) -> 87.5 | AU10: =IF(AT10="","",IF(AT10>=NILAI_KKM,"Tuntas","Belum tuntas")) -> Tuntas | AV10: =IF(AS10="","",AS10+(1000-ROW())/100000) -> 35.0099 | AW10: =IF(AV10="","",RANK(AV10,$AV$6:$AV$55)) -> 1 | AX10: =IF(AS10="","",RANK(AS10,$AS$6:$AS$55)) -> 1 | AY10: =IF(AW10="","",IF(AW10<=N_GRUP,"Atas",IF(AW10>N_SISWA-N_GRUP,"Bawah","Tengah"))) -> Atas
A11: 6 | B11: =IF(JAWABAN!B11="","",JAWABAN!B11) -> SISWA 06 | C11: =IF(JAWABAN!C11="","",JAWABAN!C11) -> IX G | D11: =IF(JAWABAN!D11="","",JAWABAN!D11) -> 0123026 | E11: =IF(OR($B11="",E$4=""),"",IF(UPPER(TRIM(JAWABAN!E11))=E$4,1,0)) -> 0 | F11: =IF(OR($B11="",F$4=""),"",IF(UPPER(TRIM(JAWABAN!F11))=F$4,1,0)) -> 0 | G11: =IF(OR($B11="",G$4=""),"",IF(UPPER(TRIM(JAWABAN!G11))=G$4,1,0)) -> 0 | H11: =IF(OR($B11="",H$4=""),"",IF(UPPER(TRIM(JAWABAN!H11))=H$4,1,0)) -> 1 | I11: =IF(OR($B11="",I$4=""),"",IF(UPPER(TRIM(JAWABAN!I11))=I$4,1,0)) -> 0 | J11: =IF(OR($B11="",J$4=""),"",IF(UPPER(TRIM(JAWABAN!J11))=J$4,1,0)) -> 1 | K11: =IF(OR($B11="",K$4=""),"",IF(UPPER(TRIM(JAWABAN!K11))=K$4,1,0)) -> 1 | L11: =IF(OR($B11="",L$4=""),"",IF(UPPER(TRIM(JAWABAN!L11))=L$4,1,0)) -> 1 | ... AR11: =IF(OR($B11="",AR$4=""),"",IF(UPPER(TRIM(JAWABAN!AR11))=AR$4,1,0)) -> 0 | AS11: =IF($B11="","",SUM(E11:AR11)) -> 29 | AT11: =IF(AS11="","",IFERROR(ROUND(AS11/K_SOAL*100,2),"")) -> 72.5 | AU11: =IF(AT11="","",IF(AT11>=NILAI_KKM,"Tuntas","Belum tuntas")) -> Belum tuntas | AV11: =IF(AS11="","",AS11+(1000-ROW())/100000) -> 29.00989 | AW11: =IF(AV11="","",RANK(AV11,$AV$6:$AV$55)) -> 7 | AX11: =IF(AS11="","",RANK(AS11,$AS$6:$AS$55)) -> 7 | AY11: =IF(AW11="","",IF(AW11<=N_GRUP,"Atas",IF(AW11>N_SISWA-N_GRUP,"Bawah","Tengah"))) -> Atas
A12: 7 | B12: =IF(JAWABAN!B12="","",JAWABAN!B12) -> SISWA 07 | C12: =IF(JAWABAN!C12="","",JAWABAN!C12) -> IX G | D12: =IF(JAWABAN!D12="","",JAWABAN!D12) -> 0123025 | E12: =IF(OR($B12="",E$4=""),"",IF(UPPER(TRIM(JAWABAN!E12))=E$4,1,0)) -> 1 | F12: =IF(OR($B12="",F$4=""),"",IF(UPPER(TRIM(JAWABAN!F12))=F$4,1,0)) -> 0 | G12: =IF(OR($B12="",G$4=""),"",IF(UPPER(TRIM(JAWABAN!G12))=G$4,1,0)) -> 1 | H12: =IF(OR($B12="",H$4=""),"",IF(UPPER(TRIM(JAWABAN!H12))=H$4,1,0)) -> 1 | I12: =IF(OR($B12="",I$4=""),"",IF(UPPER(TRIM(JAWABAN!I12))=I$4,1,0)) -> 0 | J12: =IF(OR($B12="",J$4=""),"",IF(UPPER(TRIM(JAWABAN!J12))=J$4,1,0)) -> 1 | K12: =IF(OR($B12="",K$4=""),"",IF(UPPER(TRIM(JAWABAN!K12))=K$4,1,0)) -> 1 | L12: =IF(OR($B12="",L$4=""),"",IF(UPPER(TRIM(JAWABAN!L12))=L$4,1,0)) -> 1 | ... AR12: =IF(OR($B12="",AR$4=""),"",IF(UPPER(TRIM(JAWABAN!AR12))=AR$4,1,0)) -> 1 | AS12: =IF($B12="","",SUM(E12:AR12)) -> 23 | AT12: =IF(AS12="","",IFERROR(ROUND(AS12/K_SOAL*100,2),"")) -> 57.5 | AU12: =IF(AT12="","",IF(AT12>=NILAI_KKM,"Tuntas","Belum tuntas")) -> Belum tuntas | AV12: =IF(AS12="","",AS12+(1000-ROW())/100000) -> 23.00988 | AW12: =IF(AV12="","",RANK(AV12,$AV$6:$AV$55)) -> 16 | AX12: =IF(AS12="","",RANK(AS12,$AS$6:$AS$55)) -> 16 | AY12: =IF(AW12="","",IF(AW12<=N_GRUP,"Atas",IF(AW12>N_SISWA-N_GRUP,"Bawah","Tengah"))) -> Tengah
A13: 8 | B13: =IF(JAWABAN!B13="","",JAWABAN!B13) -> SISWA 08 | C13: =IF(JAWABAN!C13="","",JAWABAN!C13) -> IX G | D13: =IF(JAWABAN!D13="","",JAWABAN!D13) -> 0123024 | E13: =IF(OR($B13="",E$4=""),"",IF(UPPER(TRIM(JAWABAN!E13))=E$4,1,0)) -> 0 | F13: =IF(OR($B13="",F$4=""),"",IF(UPPER(TRIM(JAWABAN!F13))=F$4,1,0)) -> 0 | G13: =IF(OR($B13="",G$4=""),"",IF(UPPER(TRIM(JAWABAN!G13))=G$4,1,0)) -> 0 | H13: =IF(OR($B13="",H$4=""),"",IF(UPPER(TRIM(JAWABAN!H13))=H$4,1,0)) -> 0 | I13: =IF(OR($B13="",I$4=""),"",IF(UPPER(TRIM(JAWABAN!I13))=I$4,1,0)) -> 1 | J13: =IF(OR($B13="",J$4=""),"",IF(UPPER(TRIM(JAWABAN!J13))=J$4,1,0)) -> 0 | K13: =IF(OR($B13="",K$4=""),"",IF(UPPER(TRIM(JAWABAN!K13))=K$4,1,0)) -> 1 | L13: =IF(OR($B13="",L$4=""),"",IF(UPPER(TRIM(JAWABAN!L13))=L$4,1,0)) -> 1 | ... AR13: =IF(OR($B13="",AR$4=""),"",IF(UPPER(TRIM(JAWABAN!AR13))=AR$4,1,0)) -> 1 | AS13: =IF($B13="","",SUM(E13:AR13)) -> 17 | AT13: =IF(AS13="","",IFERROR(ROUND(AS13/K_SOAL*100,2),"")) -> 42.5 | AU13: =IF(AT13="","",IF(AT13>=NILAI_KKM,"Tuntas","Belum tuntas")) -> Belum tuntas | AV13: =IF(AS13="","",AS13+(1000-ROW())/100000) -> 17.00987 | AW13: =IF(AV13="","",RANK(AV13,$AV$6:$AV$55)) -> 27 | AX13: =IF(AS13="","",RANK(AS13,$AS$6:$AS$55)) -> 27 | AY13: =IF(AW13="","",IF(AW13<=N_GRUP,"Atas",IF(AW13>N_SISWA-N_GRUP,"Bawah","Tengah"))) -> Bawah
A14: 9 | B14: =IF(JAWABAN!B14="","",JAWABAN!B14) -> SISWA 09 | C14: =IF(JAWABAN!C14="","",JAWABAN!C14) -> IX G | D14: =IF(JAWABAN!D14="","",JAWABAN!D14) -> 0123023 | E14: =IF(OR($B14="",E$4=""),"",IF(UPPER(TRIM(JAWABAN!E14))=E$4,1,0)) -> 1 | F14: =IF(OR($B14="",F$4=""),"",IF(UPPER(TRIM(JAWABAN!F14))=F$4,1,0)) -> 1 | G14: =IF(OR($B14="",G$4=""),"",IF(UPPER(TRIM(JAWABAN!G14))=G$4,1,0)) -> 1 | H14: =IF(OR($B14="",H$4=""),"",IF(UPPER(TRIM(JAWABAN!H14))=H$4,1,0)) -> 0 | I14: =IF(OR($B14="",I$4=""),"",IF(UPPER(TRIM(JAWABAN!I14))=I$4,1,0)) -> 1 | J14: =IF(OR($B14="",J$4=""),"",IF(UPPER(TRIM(JAWABAN!J14))=J$4,1,0)) -> 0 | K14: =IF(OR($B14="",K$4=""),"",IF(UPPER(TRIM(JAWABAN!K14))=K$4,1,0)) -> 0 | L14: =IF(OR($B14="",L$4=""),"",IF(UPPER(TRIM(JAWABAN!L14))=L$4,1,0)) -> 0 | ... AR14: =IF(OR($B14="",AR$4=""),"",IF(UPPER(TRIM(JAWABAN!AR14))=AR$4,1,0)) -> 1 | AS14: =IF($B14="","",SUM(E14:AR14)) -> 19 | AT14: =IF(AS14="","",IFERROR(ROUND(AS14/K_SOAL*100,2),"")) -> 47.5 | AU14: =IF(AT14="","",IF(AT14>=NILAI_KKM,"Tuntas","Belum tuntas")) -> Belum tuntas | AV14: =IF(AS14="","",AS14+(1000-ROW())/100000) -> 19.00986 | AW14: =IF(AV14="","",RANK(AV14,$AV$6:$AV$55)) -> 24 | AX14: =IF(AS14="","",RANK(AS14,$AS$6:$AS$55)) -> 24 | AY14: =IF(AW14="","",IF(AW14<=N_GRUP,"Atas",IF(AW14>N_SISWA-N_GRUP,"Bawah","Tengah"))) -> Bawah
A15: 10 | B15: =IF(JAWABAN!B15="","",JAWABAN!B15) -> SISWA 10 | C15: =IF(JAWABAN!C15="","",JAWABAN!C15) -> IX G | D15: =IF(JAWABAN!D15="","",JAWABAN!D15) -> 0123022 | E15: =IF(OR($B15="",E$4=""),"",IF(UPPER(TRIM(JAWABAN!E15))=E$4,1,0)) -> 1 | F15: =IF(OR($B15="",F$4=""),"",IF(UPPER(TRIM(JAWABAN!F15))=F$4,1,0)) -> 1 | G15: =IF(OR($B15="",G$4=""),"",IF(UPPER(TRIM(JAWABAN!G15))=G$4,1,0)) -> 1 | H15: =IF(OR($B15="",H$4=""),"",IF(UPPER(TRIM(JAWABAN!H15))=H$4,1,0)) -> 1 | I15: =IF(OR($B15="",I$4=""),"",IF(UPPER(TRIM(JAWABAN!I15))=I$4,1,0)) -> 1 | J15: =IF(OR($B15="",J$4=""),"",IF(UPPER(TRIM(JAWABAN!J15))=J$4,1,0)) -> 0 | K15: =IF(OR($B15="",K$4=""),"",IF(UPPER(TRIM(JAWABAN!K15))=K$4,1,0)) -> 0 | L15: =IF(OR($B15="",L$4=""),"",IF(UPPER(TRIM(JAWABAN!L15))=L$4,1,0)) -> 0 | ... AR15: =IF(OR($B15="",AR$4=""),"",IF(UPPER(TRIM(JAWABAN!AR15))=AR$4,1,0)) -> 1 | AS15: =IF($B15="","",SUM(E15:AR15)) -> 20 | AT15: =IF(AS15="","",IFERROR(ROUND(AS15/K_SOAL*100,2),"")) -> 50 | AU15: =IF(AT15="","",IF(AT15>=NILAI_KKM,"Tuntas","Belum tuntas")) -> Belum tuntas | AV15: =IF(AS15="","",AS15+(1000-ROW())/100000) -> 20.00985 | AW15: =IF(AV15="","",RANK(AV15,$AV$6:$AV$55)) -> 22 | AX15: =IF(AS15="","",RANK(AS15,$AS$6:$AS$55)) -> 21 | AY15: =IF(AW15="","",IF(AW15<=N_GRUP,"Atas",IF(AW15>N_SISWA-N_GRUP,"Bawah","Tengah"))) -> Tengah
A16: 11 | B16: =IF(JAWABAN!B16="","",JAWABAN!B16) -> SISWA 11 | C16: =IF(JAWABAN!C16="","",JAWABAN!C16) -> IX G | D16: =IF(JAWABAN!D16="","",JAWABAN!D16) -> 0123021 | E16: =IF(OR($B16="",E$4=""),"",IF(UPPER(TRIM(JAWABAN!E16))=E$4,1,0)) -> 1 | F16: =IF(OR($B16="",F$4=""),"",IF(UPPER(TRIM(JAWABAN!F16))=F$4,1,0)) -> 1 | G16: =IF(OR($B16="",G$4=""),"",IF(UPPER(TRIM(JAWABAN!G16))=G$4,1,0)) -> 0 | H16: =IF(OR($B16="",H$4=""),"",IF(UPPER(TRIM(JAWABAN!H16))=H$4,1,0)) -> 1 | I16: =IF(OR($B16="",I$4=""),"",IF(UPPER(TRIM(JAWABAN!I16))=I$4,1,0)) -> 0 | J16: =IF(OR($B16="",J$4=""),"",IF(UPPER(TRIM(JAWABAN!J16))=J$4,1,0)) -> 1 | K16: =IF(OR($B16="",K$4=""),"",IF(UPPER(TRIM(JAWABAN!K16))=K$4,1,0)) -> 1 | L16: =IF(OR($B16="",L$4=""),"",IF(UPPER(TRIM(JAWABAN!L16))=L$4,1,0)) -> 1 | ... AR16: =IF(OR($B16="",AR$4=""),"",IF(UPPER(TRIM(JAWABAN!AR16))=AR$4,1,0)) -> 1 | AS16: =IF($B16="","",SUM(E16:AR16)) -> 29 | AT16: =IF(AS16="","",IFERROR(ROUND(AS16/K_SOAL*100,2),"")) -> 72.5 | AU16: =IF(AT16="","",IF(AT16>=NILAI_KKM,"Tuntas","Belum tuntas")) -> Belum tuntas | AV16: =IF(AS16="","",AS16+(1000-ROW())/100000) -> 29.00984 | AW16: =IF(AV16="","",RANK(AV16,$AV$6:$AV$55)) -> 8 | AX16: =IF(AS16="","",RANK(AS16,$AS$6:$AS$55)) -> 7 | AY16: =IF(AW16="","",IF(AW16<=N_GRUP,"Atas",IF(AW16>N_SISWA-N_GRUP,"Bawah","Tengah"))) -> Atas
A17: 12 | B17: =IF(JAWABAN!B17="","",JAWABAN!B17) -> SISWA 12 | C17: =IF(JAWABAN!C17="","",JAWABAN!C17) -> IX G | D17: =IF(JAWABAN!D17="","",JAWABAN!D17) -> 0123020 | E17: =IF(OR($B17="",E$4=""),"",IF(UPPER(TRIM(JAWABAN!E17))=E$4,1,0)) -> 1 | F17: =IF(OR($B17="",F$4=""),"",IF(UPPER(TRIM(JAWABAN!F17))=F$4,1,0)) -> 1 | G17: =IF(OR($B17="",G$4=""),"",IF(UPPER(TRIM(JAWABAN!G17))=G$4,1,0)) -> 0 | H17: =IF(OR($B17="",H$4=""),"",IF(UPPER(TRIM(JAWABAN!H17))=H$4,1,0)) -> 1 | I17: =IF(OR($B17="",I$4=""),"",IF(UPPER(TRIM(JAWABAN!I17))=I$4,1,0)) -> 1 | J17: =IF(OR($B17="",J$4=""),"",IF(UPPER(TRIM(JAWABAN!J17))=J$4,1,0)) -> 1 | K17: =IF(OR($B17="",K$4=""),"",IF(UPPER(TRIM(JAWABAN!K17))=K$4,1,0)) -> 0 | L17: =IF(OR($B17="",L$4=""),"",IF(UPPER(TRIM(JAWABAN!L17))=L$4,1,0)) -> 1 | ... AR17: =IF(OR($B17="",AR$4=""),"",IF(UPPER(TRIM(JAWABAN!AR17))=AR$4,1,0)) -> 1 | AS17: =IF($B17="","",SUM(E17:AR17)) -> 23 | AT17: =IF(AS17="","",IFERROR(ROUND(AS17/K_SOAL*100,2),"")) -> 57.5 | AU17: =IF(AT17="","",IF(AT17>=NILAI_KKM,"Tuntas","Belum tuntas")) -> Belum tuntas | AV17: =IF(AS17="","",AS17+(1000-ROW())/100000) -> 23.00983 | AW17: =IF(AV17="","",RANK(AV17,$AV$6:$AV$55)) -> 17 | AX17: =IF(AS17="","",RANK(AS17,$AS$6:$AS$55)) -> 16 | AY17: =IF(AW17="","",IF(AW17<=N_GRUP,"Atas",IF(AW17>N_SISWA-N_GRUP,"Bawah","Tengah"))) -> Tengah
... A55: 50 | B55: =IF(JAWABAN!B55="","",JAWABAN!B55) | C55: =IF(JAWABAN!C55="","",JAWABAN!C55) | D55: =IF(JAWABAN!D55="","",JAWABAN!D55) | E55: =IF(OR($B55="",E$4=""),"",IF(UPPER(TRIM(JAWABAN!E55))=E$4,1,0)) | F55: =IF(OR($B55="",F$4=""),"",IF(UPPER(TRIM(JAWABAN!F55))=F$4,1,0)) | G55: =IF(OR($B55="",G$4=""),"",IF(UPPER(TRIM(JAWABAN!G55))=G$4,1,0)) | H55: =IF(OR($B55="",H$4=""),"",IF(UPPER(TRIM(JAWABAN!H55))=H$4,1,0)) | I55: =IF(OR($B55="",I$4=""),"",IF(UPPER(TRIM(JAWABAN!I55))=I$4,1,0)) | J55: =IF(OR($B55="",J$4=""),"",IF(UPPER(TRIM(JAWABAN!J55))=J$4,1,0)) | K55: =IF(OR($B55="",K$4=""),"",IF(UPPER(TRIM(JAWABAN!K55))=K$4,1,0)) | L55: =IF(OR($B55="",L$4=""),"",IF(UPPER(TRIM(JAWABAN!L55))=L$4,1,0)) | ... AR55: =IF(OR($B55="",AR$4=""),"",IF(UPPER(TRIM(JAWABAN!AR55))=AR$4,1,0)) | AS55: =IF($B55="","",SUM(E55:AR55)) | AT55: =IF(AS55="","",IFERROR(ROUND(AS55/K_SOAL*100,2),"")) | AU55: =IF(AT55="","",IF(AT55>=NILAI_KKM,"Tuntas","Belum tuntas")) | AV55: =IF(AS55="","",AS55+(1000-ROW())/100000) | AW55: =IF(AV55="","",RANK(AV55,$AV$6:$AV$55)) | AX55: =IF(AS55="","",RANK(AS55,$AS$6:$AS$55)) | AY55: =IF(AW55="","",IF(AW55<=N_GRUP,"Atas",IF(AW55>N_SISWA-N_GRUP,"Bawah","Tengah")))

Sheet NILAI
A1: DAFTAR NILAI SISWA
A2: =UPPER(NAMA_MADRASAH)&" | TAHUN PELAJARAN "&TAHUN_AJAR -> MTSN 3 SUBANG | TAHUN PELAJARAN 2025-2026
A3: =MAPEL&" | Kelas "&KELAS&" | Semester "&SEMESTER&" | "&JENIS_TES -> Bahasa Indonesia | Kelas IX G | Semester Ganjil | Penilaian Akhir Semester
A5: No | B5: Nama Siswa | C5: Kelas | D5: Jumlah Benar | E5: Jumlah Salah | F5: Nilai | G5: Keterangan | H5: Peringkat | I5: Kelompok
A6: =IF(SKOR!B6="","",SKOR!A6) -> 1 | B6: =SKOR!B6 -> SISWA 01 | C6: =SKOR!C6 -> IX G | D6: =SKOR!AS6 -> 14 | E6: =IF(D6="","",K_SOAL-D6) -> 26 | F6: =SKOR!AT6 -> 35 | G6: =SKOR!AU6 -> Belum tuntas | H6: =SKOR!AX6 -> 30 | I6: =SKOR!AY6 -> Bawah
A7: =IF(SKOR!B7="","",SKOR!A7) -> 2 | B7: =SKOR!B7 -> SISWA 02 | C7: =SKOR!C7 -> IX G | D7: =SKOR!AS7 -> 33 | E7: =IF(D7="","",K_SOAL-D7) -> 7 | F7: =SKOR!AT7 -> 82.5 | G7: =SKOR!AU7 -> Tuntas | H7: =SKOR!AX7 -> 2 | I7: =SKOR!AY7 -> Atas
A8: =IF(SKOR!B8="","",SKOR!A8) -> 3 | B8: =SKOR!B8 -> SISWA 03 | C8: =SKOR!C8 -> IX G | D8: =SKOR!AS8 -> 18 | E8: =IF(D8="","",K_SOAL-D8) -> 22 | F8: =SKOR!AT8 -> 45 | G8: =SKOR!AU8 -> Belum tuntas | H8: =SKOR!AX8 -> 26 | I8: =SKOR!AY8 -> Bawah
A9: =IF(SKOR!B9="","",SKOR!A9) -> 4 | B9: =SKOR!B9 -> SISWA 04 | C9: =SKOR!C9 -> IX G | D9: =SKOR!AS9 -> 20 | E9: =IF(D9="","",K_SOAL-D9) -> 20 | F9: =SKOR!AT9 -> 50 | G9: =SKOR!AU9 -> Belum tuntas | H9: =SKOR!AX9 -> 21 | I9: =SKOR!AY9 -> Tengah
A10: =IF(SKOR!B10="","",SKOR!A10) -> 5 | B10: =SKOR!B10 -> SISWA 05 | C10: =SKOR!C10 -> IX G | D10: =SKOR!AS10 -> 35 | E10: =IF(D10="","",K_SOAL-D10) -> 5 | F10: =SKOR!AT10 -> 87.5 | G10: =SKOR!AU10 -> Tuntas | H10: =SKOR!AX10 -> 1 | I10: =SKOR!AY10 -> Atas
A11: =IF(SKOR!B11="","",SKOR!A11) -> 6 | B11: =SKOR!B11 -> SISWA 06 | C11: =SKOR!C11 -> IX G | D11: =SKOR!AS11 -> 29 | E11: =IF(D11="","",K_SOAL-D11) -> 11 | F11: =SKOR!AT11 -> 72.5 | G11: =SKOR!AU11 -> Belum tuntas | H11: =SKOR!AX11 -> 7 | I11: =SKOR!AY11 -> Atas
A12: =IF(SKOR!B12="","",SKOR!A12) -> 7 | B12: =SKOR!B12 -> SISWA 07 | C12: =SKOR!C12 -> IX G | D12: =SKOR!AS12 -> 23 | E12: =IF(D12="","",K_SOAL-D12) -> 17 | F12: =SKOR!AT12 -> 57.5 | G12: =SKOR!AU12 -> Belum tuntas | H12: =SKOR!AX12 -> 16 | I12: =SKOR!AY12 -> Tengah
A13: =IF(SKOR!B13="","",SKOR!A13) -> 8 | B13: =SKOR!B13 -> SISWA 08 | C13: =SKOR!C13 -> IX G | D13: =SKOR!AS13 -> 17 | E13: =IF(D13="","",K_SOAL-D13) -> 23 | F13: =SKOR!AT13 -> 42.5 | G13: =SKOR!AU13 -> Belum tuntas | H13: =SKOR!AX13 -> 27 | I13: =SKOR!AY13 -> Bawah
A14: =IF(SKOR!B14="","",SKOR!A14) -> 9 | B14: =SKOR!B14 -> SISWA 09 | C14: =SKOR!C14 -> IX G | D14: =SKOR!AS14 -> 19 | E14: =IF(D14="","",K_SOAL-D14) -> 21 | F14: =SKOR!AT14 -> 47.5 | G14: =SKOR!AU14 -> Belum tuntas | H14: =SKOR!AX14 -> 24 | I14: =SKOR!AY14 -> Bawah
A15: =IF(SKOR!B15="","",SKOR!A15) -> 10 | B15: =SKOR!B15 -> SISWA 10 | C15: =SKOR!C15 -> IX G | D15: =SKOR!AS15 -> 20 | E15: =IF(D15="","",K_SOAL-D15) -> 20 | F15: =SKOR!AT15 -> 50 | G15: =SKOR!AU15 -> Belum tuntas | H15: =SKOR!AX15 -> 21 | I15: =SKOR!AY15 -> Tengah
A16: =IF(SKOR!B16="","",SKOR!A16) -> 11 | B16: =SKOR!B16 -> SISWA 11 | C16: =SKOR!C16 -> IX G | D16: =SKOR!AS16 -> 29 | E16: =IF(D16="","",K_SOAL-D16) -> 11 | F16: =SKOR!AT16 -> 72.5 | G16: =SKOR!AU16 -> Belum tuntas | H16: =SKOR!AX16 -> 7 | I16: =SKOR!AY16 -> Atas
A17: =IF(SKOR!B17="","",SKOR!A17) -> 12 | B17: =SKOR!B17 -> SISWA 12 | C17: =SKOR!C17 -> IX G | D17: =SKOR!AS17 -> 23 | E17: =IF(D17="","",K_SOAL-D17) -> 17 | F17: =SKOR!AT17 -> 57.5 | G17: =SKOR!AU17 -> Belum tuntas | H17: =SKOR!AX17 -> 16 | I17: =SKOR!AY17 -> Tengah
... A55: =IF(SKOR!B55="","",SKOR!A55) | B55: =SKOR!B55 | C55: =SKOR!C55 | D55: =SKOR!AS55 | E55: =IF(D55="","",K_SOAL-D55) | F55: =SKOR!AT55 | G55: =SKOR!AU55 | H55: =SKOR!AX55 | I55: =SKOR!AY55

Sheet ANALISIS
A1: ANALISIS BUTIR SOAL
A2: =UPPER(NAMA_MADRASAH)&" | TAHUN PELAJARAN "&TAHUN_AJAR -> MTSN 3 SUBANG | TAHUN PELAJARAN 2025-2026
A3: =MAPEL&" | Kelas "&KELAS&" | Semester "&SEMESTER&" | "&JENIS_TES -> Bahasa Indonesia | Kelas IX G | Semester Ganjil | Penilaian Akhir Semester
A5: No | B5: Kunci | C5: Jml Benar (B) | D5: Jml Salah | E5: Tingkat Kesukaran (p) | F5: Kategori Kesukaran | G5: Benar Kel. Atas (BA) | H5: Benar Kel. Bawah (BB) | I5: Daya Pembeda (D) | J5: Kategori Daya Pembeda | K5: Rata-rata Skor Penjawab Benar (Mp) | L5: r hitung (r pbis) | M5: r tabel | N5: Validitas | O5: p x q | P5: Pengecoh Berfungsi (dari 3) | Q5: Rekomendasi | R5: Tindak Lanjut | S5: Materi / Indikator | U5: Bantu: Diterima | V5: Bantu: Direvisi | W5: Bantu: Diganti
A6: 1 | B6: =IF(KUNCI!B6="","",UPPER(KUNCI!B6)) -> A | C6: =IF($B6="","",SUM(SKOR!$E$6:$E$55)) -> 17 | D6: =IF($B6="","",N_SISWA-C6) -> 14 | E6: =IF($B6="","",IFERROR(C6/N_SISWA,"")) -> 0.5483871 | F6: =IF(E6="","",IF(E6<=BATAS_SUKAR,"Sukar",IF(E6<=BATAS_MUDAH,"Sedang","Mudah"))) -> Sedang | G6: =IF($B6="","",SUMIFS(SKOR!$E$6:$E$55,SKOR!$AW$6:$AW$55,"<="&N_GRUP)) -> 4 | H6: =IF($B6="","",SUMIFS(SKOR!$E$6:$E$55,SKOR!$AW$6:$AW$55,">"&(N_SISWA-N_GRUP))) -> 4 | I6: =IF($B6="","",IFERROR((G6-H6)/N_GRUP,"")) -> 0 | J6: =IF(I6="","",IF(I6<0,"Sangat jelek",IF(I6<=DP_B1,"Jelek",IF(I6<=DP_B2,"Cukup",IF(I6<=DP_B3,"Baik","Baik sekali"))))) -> Jelek | K6: =IF(OR($B6="",C6=0),"",SUMIFS(SKOR!$AS$6:$AS$55,SKOR!$E$6:$E$55,1)/C6) -> 24.058824 | L6: =IF(K6="","",IFERROR((K6-MEAN_SKOR)/SD_SKOR*SQRT(E6/(1-E6)),"")) -> 0.029229502 | M6: =IF($B6="","",R_TABEL) -> 0.35504589 | N6: =IF($B6="","",IF(L6="","Tidak valid",IF(L6>M6,"Valid","Tidak valid"))) -> Tidak valid | O6: =IF($B6="","",E6*(1-E6)) -> 0.24765869 | P6: =IF($B6="","",PENGECOH!T6) -> 3 | Q6: =IF($B6="","",IF(AND(ISNUMBER(I6),I6<0),"Diganti/Dibuang",IF((N6="Valid")+AND(ISNUMBER(I6),I6>DP_B1)+(F6="Sedang")=3,"Diterima",IF((N6="Valid")+AND(ISNUMBER(I6),I6>DP_B1)+(F6="Sedang")=2,"Direvisi","Diganti/Dibuang")))) -> Diganti/Dibuang | R6: =IF($B6="","",IF(AND(Q6="Diterima",P6=3),"Soal baik; dapat disimpan di bank soal",TRIM(IF(F6="Sukar","Terlalu sukar. ",IF(F6="Mudah","Terlalu mudah. ",""))&IF(N6<>"Valid","Validitas rendah. ","")&IF(AND(ISNUMBER(I6),I6<0),"Daya pembeda negatif (periksa kunci). ",IF(AND(ISNUMBER(I6),I6>DP_B1),"","Daya pembeda rendah. "))&IF(P6<3,"Ada pengecoh tidak berfungsi.","")))) -> Validitas rendah. Daya pembeda rendah. | S6: =IF(KUNCI!C6="","",KUNCI!C6) | T6: =IF($Q6="Diterima",$A6,"") | U6: =IF($Q6="Direvisi",$A6,"") | V6: =IF($Q6="Diganti/Dibuang",$A6,"") -> 1
A7: 2 | B7: =IF(KUNCI!B7="","",UPPER(KUNCI!B7)) -> D | C7: =IF($B7="","",SUM(SKOR!$F$6:$F$55)) -> 21 | D7: =IF($B7="","",N_SISWA-C7) -> 10 | E7: =IF($B7="","",IFERROR(C7/N_SISWA,"")) -> 0.67741935 | F7: =IF(E7="","",IF(E7<=BATAS_SUKAR,"Sukar",IF(E7<=BATAS_MUDAH,"Sedang","Mudah"))) -> Sedang | G7: =IF($B7="","",SUMIFS(SKOR!$F$6:$F$55,SKOR!$AW$6:$AW$55,"<="&N_GRUP)) -> 7 | H7: =IF($B7="","",SUMIFS(SKOR!$F$6:$F$55,SKOR!$AW$6:$AW$55,">"&(N_SISWA-N_GRUP))) -> 4 | I7: =IF($B7="","",IFERROR((G7-H7)/N_GRUP,"")) -> 0.375 | J7: =IF(I7="","",IF(I7<0,"Sangat jelek",IF(I7<=DP_B1,"Jelek",IF(I7<=DP_B2,"Cukup",IF(I7<=DP_B3,"Baik","Baik sekali"))))) -> Cukup | K7: =IF(OR($B7="",C7=0),"",SUMIFS(SKOR!$AS$6:$AS$55,SKOR!$F$6:$F$55,1)/C7) -> 24.952381 | L7: =IF(K7="","",IFERROR((K7-MEAN_SKOR)/SD_SKOR*SQRT(E7/(1-E7)),"")) -> 0.25918335 | M7: =IF($B7="","",R_TABEL) -> 0.35504589 | N7: =IF($B7="","",IF(L7="","Tidak valid",IF(L7>M7,"Valid","Tidak valid"))) -> Tidak valid | O7: =IF($B7="","",E7*(1-E7)) -> 0.21852237 | P7: =IF($B7="","",PENGECOH!T7) -> 3 | Q7: =IF($B7="","",IF(AND(ISNUMBER(I7),I7<0),"Diganti/Dibuang",IF((N7="Valid")+AND(ISNUMBER(I7),I7>DP_B1)+(F7="Sedang")=3,"Diterima",IF((N7="Valid")+AND(ISNUMBER(I7),I7>DP_B1)+(F7="Sedang")=2,"Direvisi","Diganti/Dibuang")))) -> Direvisi | R7: =IF($B7="","",IF(AND(Q7="Diterima",P7=3),"Soal baik; dapat disimpan di bank soal",TRIM(IF(F7="Sukar","Terlalu sukar. ",IF(F7="Mudah","Terlalu mudah. ",""))&IF(N7<>"Valid","Validitas rendah. ","")&IF(AND(ISNUMBER(I7),I7<0),"Daya pembeda negatif (periksa kunci). ",IF(AND(ISNUMBER(I7),I7>DP_B1),"","Daya pembeda rendah. "))&IF(P7<3,"Ada pengecoh tidak berfungsi.","")))) -> Validitas rendah. | S7: =IF(KUNCI!C7="","",KUNCI!C7) | T7: =IF($Q7="Diterima",$A7,"") | U7: =IF($Q7="Direvisi",$A7,"") -> 2 | V7: =IF($Q7="Diganti/Dibuang",$A7,"")
A8: 3 | B8: =IF(KUNCI!B8="","",UPPER(KUNCI!B8)) -> B | C8: =IF($B8="","",SUM(SKOR!$G$6:$G$55)) -> 18 | D8: =IF($B8="","",N_SISWA-C8) -> 13 | E8: =IF($B8="","",IFERROR(C8/N_SISWA,"")) -> 0.58064516 | F8: =IF(E8="","",IF(E8<=BATAS_SUKAR,"Sukar",IF(E8<=BATAS_MUDAH,"Sedang","Mudah"))) -> Sedang | G8: =IF($B8="","",SUMIFS(SKOR!$G$6:$G$55,SKOR!$AW$6:$AW$55,"<="&N_GRUP)) -> 4 | H8: =IF($B8="","",SUMIFS(SKOR!$G$6:$G$55,SKOR!$AW$6:$AW$55,">"&(N_SISWA-N_GRUP))) -> 4 | I8: =IF($B8="","",IFERROR((G8-H8)/N_GRUP,"")) -> 0 | J8: =IF(I8="","",IF(I8<0,"Sangat jelek",IF(I8<=DP_B1,"Jelek",IF(I8<=DP_B2,"Cukup",IF(I8<=DP_B3,"Baik","Baik sekali"))))) -> Jelek | K8: =IF(OR($B8="",C8=0),"",SUMIFS(SKOR!$AS$6:$AS$55,SKOR!$G$6:$G$55,1)/C8) -> 23.666667 | L8: =IF(K8="","",IFERROR((K8-MEAN_SKOR)/SD_SKOR*SQRT(E8/(1-E8)),"")) -> -0.047452821 | M8: =IF($B8="","",R_TABEL) -> 0.35504589 | N8: =IF($B8="","",IF(L8="","Tidak valid",IF(L8>M8,"Valid","Tidak valid"))) -> Tidak valid | O8: =IF($B8="","",E8*(1-E8)) -> 0.24349636 | P8: =IF($B8="","",PENGECOH!T8) -> 3 | Q8: =IF($B8="","",IF(AND(ISNUMBER(I8),I8<0),"Diganti/Dibuang",IF((N8="Valid")+AND(ISNUMBER(I8),I8>DP_B1)+(F8="Sedang")=3,"Diterima",IF((N8="Valid")+AND(ISNUMBER(I8),I8>DP_B1)+(F8="Sedang")=2,"Direvisi","Diganti/Dibuang")))) -> Diganti/Dibuang | R8: =IF($B8="","",IF(AND(Q8="Diterima",P8=3),"Soal baik; dapat disimpan di bank soal",TRIM(IF(F8="Sukar","Terlalu sukar. ",IF(F8="Mudah","Terlalu mudah. ",""))&IF(N8<>"Valid","Validitas rendah. ","")&IF(AND(ISNUMBER(I8),I8<0),"Daya pembeda negatif (periksa kunci). ",IF(AND(ISNUMBER(I8),I8>DP_B1),"","Daya pembeda rendah. "))&IF(P8<3,"Ada pengecoh tidak berfungsi.","")))) -> Validitas rendah. Daya pembeda rendah. | S8: =IF(KUNCI!C8="","",KUNCI!C8) | T8: =IF($Q8="Diterima",$A8,"") | U8: =IF($Q8="Direvisi",$A8,"") | V8: =IF($Q8="Diganti/Dibuang",$A8,"") -> 3
A9: 4 | B9: =IF(KUNCI!B9="","",UPPER(KUNCI!B9)) -> A | C9: =IF($B9="","",SUM(SKOR!$H$6:$H$55)) -> 22 | D9: =IF($B9="","",N_SISWA-C9) -> 9 | E9: =IF($B9="","",IFERROR(C9/N_SISWA,"")) -> 0.70967742 | F9: =IF(E9="","",IF(E9<=BATAS_SUKAR,"Sukar",IF(E9<=BATAS_MUDAH,"Sedang","Mudah"))) -> Mudah | G9: =IF($B9="","",SUMIFS(SKOR!$H$6:$H$55,SKOR!$AW$6:$AW$55,"<="&N_GRUP)) -> 7 | H9: =IF($B9="","",SUMIFS(SKOR!$H$6:$H$55,SKOR!$AW$6:$AW$55,">"&(N_SISWA-N_GRUP))) -> 3 | I9: =IF($B9="","",IFERROR((G9-H9)/N_GRUP,"")) -> 0.5 | J9: =IF(I9="","",IF(I9<0,"Sangat jelek",IF(I9<=DP_B1,"Jelek",IF(I9<=DP_B2,"Cukup",IF(I9<=DP_B3,"Baik","Baik sekali"))))) -> Baik | K9: =IF(OR($B9="",C9=0),"",SUMIFS(SKOR!$AS$6:$AS$55,SKOR!$H$6:$H$55,1)/C9) -> 25.090909 | L9: =IF(K9="","",IFERROR((K9-MEAN_SKOR)/SD_SKOR*SQRT(E9/(1-E9)),"")) -> 0.31655448 | M9: =IF($B9="","",R_TABEL) -> 0.35504589 | N9: =IF($B9="","",IF(L9="","Tidak valid",IF(L9>M9,"Valid","Tidak valid"))) -> Tidak valid | O9: =IF($B9="","",E9*(1-E9)) -> 0.20603538 | P9: =IF($B9="","",PENGECOH!T9) -> 3 | Q9: =IF($B9="","",IF(AND(ISNUMBER(I9),I9<0),"Diganti/Dibuang",IF((N9="Valid")+AND(ISNUMBER(I9),I9>DP_B1)+(F9="Sedang")=3,"Diterima",IF((N9="Valid")+AND(ISNUMBER(I9),I9>DP_B1)+(F9="Sedang")=2,"Direvisi","Diganti/Dibuang")))) -> Diganti/Dibuang | R9: =IF($B9="","",IF(AND(Q9="Diterima",P9=3),"Soal baik; dapat disimpan di bank soal",TRIM(IF(F9="Sukar","Terlalu sukar. ",IF(F9="Mudah","Terlalu mudah. ",""))&IF(N9<>"Valid","Validitas rendah. ","")&IF(AND(ISNUMBER(I9),I9<0),"Daya pembeda negatif (periksa kunci). ",IF(AND(ISNUMBER(I9),I9>DP_B1),"","Daya pembeda rendah. "))&IF(P9<3,"Ada pengecoh tidak berfungsi.","")))) -> Terlalu mudah. Validitas rendah. | S9: =IF(KUNCI!C9="","",KUNCI!C9) | T9: =IF($Q9="Diterima",$A9,"") | U9: =IF($Q9="Direvisi",$A9,"") | V9: =IF($Q9="Diganti/Dibuang",$A9,"") -> 4
A10: 5 | B10: =IF(KUNCI!B10="","",UPPER(KUNCI!B10)) -> C | C10: =IF($B10="","",SUM(SKOR!$I$6:$I$55)) -> 17 | D10: =IF($B10="","",N_SISWA-C10) -> 14 | E10: =IF($B10="","",IFERROR(C10/N_SISWA,"")) -> 0.5483871 | F10: =IF(E10="","",IF(E10<=BATAS_SUKAR,"Sukar",IF(E10<=BATAS_MUDAH,"Sedang","Mudah"))) -> Sedang | G10: =IF($B10="","",SUMIFS(SKOR!$I$6:$I$55,SKOR!$AW$6:$AW$55,"<="&N_GRUP)) -> 6 | H10: =IF($B10="","",SUMIFS(SKOR!$I$6:$I$55,SKOR!$AW$6:$AW$55,">"&(N_SISWA-N_GRUP))) -> 4 | I10: =IF($B10="","",IFERROR((G10-H10)/N_GRUP,"")) -> 0.25 | J10: =IF(I10="","",IF(I10<0,"Sangat jelek",IF(I10<=DP_B1,"Jelek",IF(I10<=DP_B2,"Cukup",IF(I10<=DP_B3,"Baik","Baik sekali"))))) -> Cukup | K10: =IF(OR($B10="",C10=0),"",SUMIFS(SKOR!$AS$6:$AS$55,SKOR!$I$6:$I$55,1)/C10) -> 25.235294 | L10: =IF(K10="","",IFERROR((K10-MEAN_SKOR)/SD_SKOR*SQRT(E10/(1-E10)),"")) -> 0.25023305 | M10: =IF($B10="","",R_TABEL) -> 0.35504589 | N10: =IF($B10="","",IF(L10="","Tidak valid",IF(L10>M10,"Valid","Tidak valid"))) -> Tidak valid | O10: =IF($B10="","",E10*(1-E10)) -> 0.24765869 | P10: =IF($B10="","",PENGECOH!T10) -> 3 | Q10: =IF($B10="","",IF(AND(ISNUMBER(I10),I10<0),"Diganti/Dibuang",IF((N10="Valid")+AND(ISNUMBER(I10),I10>DP_B1)+(F10="Sedang")=3,"Diterima",IF((N10="Valid")+AND(ISNUMBER(I10),I10>DP_B1)+(F10="Sedang")=2,"Direvisi","Diganti/Dibuang")))) -> Direvisi | R10: =IF($B10="","",IF(AND(Q10="Diterima",P10=3),"Soal baik; dapat disimpan di bank soal",TRIM(IF(F10="Sukar","Terlalu sukar. ",IF(F10="Mudah","Terlalu mudah. ",""))&IF(N10<>"Valid","Validitas rendah. ","")&IF(AND(ISNUMBER(I10),I10<0),"Daya pembeda negatif (periksa kunci). ",IF(AND(ISNUMBER(I10),I10>DP_B1),"","Daya pembeda rendah. "))&IF(P10<3,"Ada pengecoh tidak berfungsi.","")))) -> Validitas rendah. | S10: =IF(KUNCI!C10="","",KUNCI!C10) | T10: =IF($Q10="Diterima",$A10,"") | U10: =IF($Q10="Direvisi",$A10,"") -> 5 | V10: =IF($Q10="Diganti/Dibuang",$A10,"")
A11: 6 | B11: =IF(KUNCI!B11="","",UPPER(KUNCI!B11)) -> C | C11: =IF($B11="","",SUM(SKOR!$J$6:$J$55)) -> 16 | D11: =IF($B11="","",N_SISWA-C11) -> 15 | E11: =IF($B11="","",IFERROR(C11/N_SISWA,"")) -> 0.51612903 | F11: =IF(E11="","",IF(E11<=BATAS_SUKAR,"Sukar",IF(E11<=BATAS_MUDAH,"Sedang","Mudah"))) -> Sedang | G11: =IF($B11="","",SUMIFS(SKOR!$J$6:$J$55,SKOR!$AW$6:$AW$55,"<="&N_GRUP)) -> 6 | H11: =IF($B11="","",SUMIFS(SKOR!$J$6:$J$55,SKOR!$AW$6:$AW$55,">"&(N_SISWA-N_GRUP))) -> 0 | I11: =IF($B11="","",IFERROR((G11-H11)/N_GRUP,"")) -> 0.75 | J11: =IF(I11="","",IF(I11<0,"Sangat jelek",IF(I11<=DP_B1,"Jelek",IF(I11<=DP_B2,"Cukup",IF(I11<=DP_B3,"Baik","Baik sekali"))))) -> Baik sekali | K11: =IF(OR($B11="",C11=0),"",SUMIFS(SKOR!$AS$6:$AS$55,SKOR!$J$6:$J$55,1)/C11) -> 27.0625 | L11: =IF(K11="","",IFERROR((K11-MEAN_SKOR)/SD_SKOR*SQRT(E11/(1-E11)),"")) -> 0.55623641 | M11: =IF($B11="","",R_TABEL) -> 0.35504589 | N11: =IF($B11="","",IF(L11="","Tidak valid",IF(L11>M11,"Valid","Tidak valid"))) -> Valid | O11: =IF($B11="","",E11*(1-E11)) -> 0.24973985 | P11: =IF($B11="","",PENGECOH!T11) -> 3 | Q11: =IF($B11="","",IF(AND(ISNUMBER(I11),I11<0),"Diganti/Dibuang",IF((N11="Valid")+AND(ISNUMBER(I11),I11>DP_B1)+(F11="Sedang")=3,"Diterima",IF((N11="Valid")+AND(ISNUMBER(I11),I11>DP_B1)+(F11="Sedang")=2,"Direvisi","Diganti/Dibuang")))) -> Diterima | R11: =IF($B11="","",IF(AND(Q11="Diterima",P11=3),"Soal baik; dapat disimpan di bank soal",TRIM(IF(F11="Sukar","Terlalu sukar. ",IF(F11="Mudah","Terlalu mudah. ",""))&IF(N11<>"Valid","Validitas rendah. ","")&IF(AND(ISNUMBER(I11),I11<0),"Daya pembeda negatif (periksa kunci). ",IF(AND(ISNUMBER(I11),I11>DP_B1),"","Daya pembeda rendah. "))&IF(P11<3,"Ada pengecoh tidak berfungsi.","")))) -> Soal baik; dapat disimpan di bank soal | S11: =IF(KUNCI!C11="","",KUNCI!C11) | T11: =IF($Q11="Diterima",$A11,"") -> 6 | U11: =IF($Q11="Direvisi",$A11,"") | V11: =IF($Q11="Diganti/Dibuang",$A11,"")
A12: 7 | B12: =IF(KUNCI!B12="","",UPPER(KUNCI!B12)) -> B | C12: =IF($B12="","",SUM(SKOR!$K$6:$K$55)) -> 18 | D12: =IF($B12="","",N_SISWA-C12) -> 13 | E12: =IF($B12="","",IFERROR(C12/N_SISWA,"")) -> 0.58064516 | F12: =IF(E12="","",IF(E12<=BATAS_SUKAR,"Sukar",IF(E12<=BATAS_MUDAH,"Sedang","Mudah"))) -> Sedang | G12: =IF($B12="","",SUMIFS(SKOR!$K$6:$K$55,SKOR!$AW$6:$AW$55,"<="&N_GRUP)) -> 7 | H12: =IF($B12="","",SUMIFS(SKOR!$K$6:$K$55,SKOR!$AW$6:$AW$55,">"&(N_SISWA-N_GRUP))) -> 3 | I12: =IF($B12="","",IFERROR((G12-H12)/N_GRUP,"")) -> 0.5 | J12: =IF(I12="","",IF(I12<0,"Sangat jelek",IF(I12<=DP_B1,"Jelek",IF(I12<=DP_B2,"Cukup",IF(I12<=DP_B3,"Baik","Baik sekali"))))) -> Baik | K12: =IF(OR($B12="",C12=0),"",SUMIFS(SKOR!$AS$6:$AS$55,SKOR!$K$6:$K$55,1)/C12) -> 25.833333 | L12: =IF(K12="","",IFERROR((K12-MEAN_SKOR)/SD_SKOR*SQRT(E12/(1-E12)),"")) -> 0.38717188 | M12: =IF($B12="","",R_TABEL) -> 0.35504589 | N12: =IF($B12="","",IF(L12="","Tidak valid",IF(L12>M12,"Valid","Tidak valid"))) -> Valid | O12: =IF($B12="","",E12*(1-E12)) -> 0.24349636 | P12: =IF($B12="","",PENGECOH!T12) -> 2 | Q12: =IF($B12="","",IF(AND(ISNUMBER(I12),I12<0),"Diganti/Dibuang",IF((N12="Valid")+AND(ISNUMBER(I12),I12>DP_B1)+(F12="Sedang")=3,"Diterima",IF((N12="Valid")+AND(ISNUMBER(I12),I12>DP_B1)+(F12="Sedang")=2,"Direvisi","Diganti/Dibuang")))) -> Diterima | R12: =IF($B12="","",IF(AND(Q12="Diterima",P12=3),"Soal baik; dapat disimpan di bank soal",TRIM(IF(F12="Sukar","Terlalu sukar. ",IF(F12="Mudah","Terlalu mudah. ",""))&IF(N12<>"Valid","Validitas rendah. ","")&IF(AND(ISNUMBER(I12),I12<0),"Daya pembeda negatif (periksa kunci). ",IF(AND(ISNUMBER(I12),I12>DP_B1),"","Daya pembeda rendah. "))&IF(P12<3,"Ada pengecoh tidak berfungsi.","")))) -> Ada pengecoh tidak berfungsi. | S12: =IF(KUNCI!C12="","",KUNCI!C12) | T12: =IF($Q12="Diterima",$A12,"") -> 7 | U12: =IF($Q12="Direvisi",$A12,"") | V12: =IF($Q12="Diganti/Dibuang",$A12,"")
A13: 8 | B13: =IF(KUNCI!B13="","",UPPER(KUNCI!B13)) -> D | C13: =IF($B13="","",SUM(SKOR!$L$6:$L$55)) -> 26 | D13: =IF($B13="","",N_SISWA-C13) -> 5 | E13: =IF($B13="","",IFERROR(C13/N_SISWA,"")) -> 0.83870968 | F13: =IF(E13="","",IF(E13<=BATAS_SUKAR,"Sukar",IF(E13<=BATAS_MUDAH,"Sedang","Mudah"))) -> Mudah | G13: =IF($B13="","",SUMIFS(SKOR!$L$6:$L$55,SKOR!$AW$6:$AW$55,"<="&N_GRUP)) -> 8 | H13: =IF($B13="","",SUMIFS(SKOR!$L$6:$L$55,SKOR!$AW$6:$AW$55,">"&(N_SISWA-N_GRUP))) -> 5 | I13: =IF($B13="","",IFERROR((G13-H13)/N_GRUP,"")) -> 0.375 | J13: =IF(I13="","",IF(I13<0,"Sangat jelek",IF(I13<=DP_B1,"Jelek",IF(I13<=DP_B2,"Cukup",IF(I13<=DP_B3,"Baik","Baik sekali"))))) -> Cukup | K13: =IF(OR($B13="",C13=0),"",SUMIFS(SKOR!$AS$6:$AS$55,SKOR!$L$6:$L$55,1)/C13) -> 24.769231 | L13: =IF(K13="","",IFERROR((K13-MEAN_SKOR)/SD_SKOR*SQRT(E13/(1-E13)),"")) -> 0.3366509 | M13: =IF($B13="","",R_TABEL) -> 0.35504589 | N13: =IF($B13="","",IF(L13="","Tidak valid",IF(L13>M13,"Valid","Tidak valid"))) -> Tidak valid | O13: =IF($B13="","",E13*(1-E13)) -> 0.13527575 | P13: =IF($B13="","",PENGECOH!T13) -> 2 | Q13: =IF($B13="","",IF(AND(ISNUMBER(I13),I13<0),"Diganti/Dibuang",IF((N13="Valid")+AND(ISNUMBER(I13),I13>DP_B1)+(F13="Sedang")=3,"Diterima",IF((N13="Valid")+AND(ISNUMBER(I13),I13>DP_B1)+(F13="Sedang")=2,"Direvisi","Diganti/Dibuang")))) -> Diganti/Dibuang | R13: =IF($B13="","",IF(AND(Q13="Diterima",P13=3),"Soal baik; dapat disimpan di bank soal",TRIM(IF(F13="Sukar","Terlalu sukar. ",IF(F13="Mudah","Terlalu mudah. ",""))&IF(N13<>"Valid","Validitas rendah. ","")&IF(AND(ISNUMBER(I13),I13<0),"Daya pembeda negatif (periksa kunci). ",IF(AND(ISNUMBER(I13),I13>DP_B1),"","Daya pembeda rendah. "))&IF(P13<3,"Ada pengecoh tidak berfungsi.","")))) -> Terlalu mudah. Validitas rendah. Ada pengecoh tidak berfungsi. | S13: =IF(KUNCI!C13="","",KUNCI!C13) | T13: =IF($Q13="Diterima",$A13,"") | U13: =IF($Q13="Direvisi",$A13,"") | V13: =IF($Q13="Diganti/Dibuang",$A13,"") -> 8
A14: 9 | B14: =IF(KUNCI!B14="","",UPPER(KUNCI!B14)) -> D | C14: =IF($B14="","",SUM(SKOR!$M$6:$M$55)) -> 14 | D14: =IF($B14="","",N_SISWA-C14) -> 17 | E14: =IF($B14="","",IFERROR(C14/N_SISWA,"")) -> 0.4516129 | F14: =IF(E14="","",IF(E14<=BATAS_SUKAR,"Sukar",IF(E14<=BATAS_MUDAH,"Sedang","Mudah"))) -> Sedang | G14: =IF($B14="","",SUMIFS(SKOR!$M$6:$M$55,SKOR!$AW$6:$AW$55,"<="&N_GRUP)) -> 4 | H14: =IF($B14="","",SUMIFS(SKOR!$M$6:$M$55,SKOR!$AW$6:$AW$55,">"&(N_SISWA-N_GRUP))) -> 2 | I14: =IF($B14="","",IFERROR((G14-H14)/N_GRUP,"")) -> 0.25 | J14: =IF(I14="","",IF(I14<0,"Sangat jelek",IF(I14<=DP_B1,"Jelek",IF(I14<=DP_B2,"Cukup",IF(I14<=DP_B3,"Baik","Baik sekali"))))) -> Cukup | K14: =IF(OR($B14="",C14=0),"",SUMIFS(SKOR!$AS$6:$AS$55,SKOR!$M$6:$M$55,1)/C14) -> 25.5 | L14: =IF(K14="","",IFERROR((K14-MEAN_SKOR)/SD_SKOR*SQRT(E14/(1-E14)),"")) -> 0.24702493 | M14: =IF($B14="","",R_TABEL) -> 0.35504589 | N14: =IF($B14="","",IF(L14="","Tidak valid",IF(L14>M14,"Valid","Tidak valid"))) -> Tidak valid | O14: =IF($B14="","",E14*(1-E14)) -> 0.24765869 | P14: =IF($B14="","",PENGECOH!T14) -> 3 | Q14: =IF($B14="","",IF(AND(ISNUMBER(I14),I14<0),"Diganti/Dibuang",IF((N14="Valid")+AND(ISNUMBER(I14),I14>DP_B1)+(F14="Sedang")=3,"Diterima",IF((N14="Valid")+AND(ISNUMBER(I14),I14>DP_B1)+(F14="Sedang")=2,"Direvisi","Diganti/Dibuang")))) -> Direvisi | R14: =IF($B14="","",IF(AND(Q14="Diterima",P14=3),"Soal baik; dapat disimpan di bank soal",TRIM(IF(F14="Sukar","Terlalu sukar. ",IF(F14="Mudah","Terlalu mudah. ",""))&IF(N14<>"Valid","Validitas rendah. ","")&IF(AND(ISNUMBER(I14),I14<0),"Daya pembeda negatif (periksa kunci). ",IF(AND(ISNUMBER(I14),I14>DP_B1),"","Daya pembeda rendah. "))&IF(P14<3,"Ada pengecoh tidak berfungsi.","")))) -> Validitas rendah. | S14: =IF(KUNCI!C14="","",KUNCI!C14) | T14: =IF($Q14="Diterima",$A14,"") | U14: =IF($Q14="Direvisi",$A14,"") -> 9 | V14: =IF($Q14="Diganti/Dibuang",$A14,"")
A15: 10 | B15: =IF(KUNCI!B15="","",UPPER(KUNCI!B15)) -> C | C15: =IF($B15="","",SUM(SKOR!$N$6:$N$55)) -> 15 | D15: =IF($B15="","",N_SISWA-C15) -> 16 | E15: =IF($B15="","",IFERROR(C15/N_SISWA,"")) -> 0.48387097 | F15: =IF(E15="","",IF(E15<=BATAS_SUKAR,"Sukar",IF(E15<=BATAS_MUDAH,"Sedang","Mudah"))) -> Sedang | G15: =IF($B15="","",SUMIFS(SKOR!$N$6:$N$55,SKOR!$AW$6:$AW$55,"<="&N_GRUP)) -> 5 | H15: =IF($B15="","",SUMIFS(SKOR!$N$6:$N$55,SKOR!$AW$6:$AW$55,">"&(N_SISWA-N_GRUP))) -> 1 | I15: =IF($B15="","",IFERROR((G15-H15)/N_GRUP,"")) -> 0.5 | J15: =IF(I15="","",IF(I15<0,"Sangat jelek",IF(I15<=DP_B1,"Jelek",IF(I15<=DP_B2,"Cukup",IF(I15<=DP_B3,"Baik","Baik sekali"))))) -> Baik | K15: =IF(OR($B15="",C15=0),"",SUMIFS(SKOR!$AS$6:$AS$55,SKOR!$N$6:$N$55,1)/C15) -> 25.933333 | L15: =IF(K15="","",IFERROR((K15-MEAN_SKOR)/SD_SKOR*SQRT(E15/(1-E15)),"")) -> 0.33509073 | M15: =IF($B15="","",R_TABEL) -> 0.35504589 | N15: =IF($B15="","",IF(L15="","Tidak valid",IF(L15>M15,"Valid","Tidak valid"))) -> Tidak valid | O15: =IF($B15="","",E15*(1-E15)) -> 0.24973985 | P15: =IF($B15="","",PENGECOH!T15) -> 3 | Q15: =IF($B15="","",IF(AND(ISNUMBER(I15),I15<0),"Diganti/Dibuang",IF((N15="Valid")+AND(ISNUMBER(I15),I15>DP_B1)+(F15="Sedang")=3,"Diterima",IF((N15="Valid")+AND(ISNUMBER(I15),I15>DP_B1)+(F15="Sedang")=2,"Direvisi","Diganti/Dibuang")))) -> Direvisi | R15: =IF($B15="","",IF(AND(Q15="Diterima",P15=3),"Soal baik; dapat disimpan di bank soal",TRIM(IF(F15="Sukar","Terlalu sukar. ",IF(F15="Mudah","Terlalu mudah. ",""))&IF(N15<>"Valid","Validitas rendah. ","")&IF(AND(ISNUMBER(I15),I15<0),"Daya pembeda negatif (periksa kunci). ",IF(AND(ISNUMBER(I15),I15>DP_B1),"","Daya pembeda rendah. "))&IF(P15<3,"Ada pengecoh tidak berfungsi.","")))) -> Validitas rendah. | S15: =IF(KUNCI!C15="","",KUNCI!C15) | T15: =IF($Q15="Diterima",$A15,"") | U15: =IF($Q15="Direvisi",$A15,"") -> 10 | V15: =IF($Q15="Diganti/Dibuang",$A15,"")
A16: 11 | B16: =IF(KUNCI!B16="","",UPPER(KUNCI!B16)) -> C | C16: =IF($B16="","",SUM(SKOR!$O$6:$O$55)) -> 20 | D16: =IF($B16="","",N_SISWA-C16) -> 11 | E16: =IF($B16="","",IFERROR(C16/N_SISWA,"")) -> 0.64516129 | F16: =IF(E16="","",IF(E16<=BATAS_SUKAR,"Sukar",IF(E16<=BATAS_MUDAH,"Sedang","Mudah"))) -> Sedang | G16: =IF($B16="","",SUMIFS(SKOR!$O$6:$O$55,SKOR!$AW$6:$AW$55,"<="&N_GRUP)) -> 7 | H16: =IF($B16="","",SUMIFS(SKOR!$O$6:$O$55,SKOR!$AW$6:$AW$55,">"&(N_SISWA-N_GRUP))) -> 2 | I16: =IF($B16="","",IFERROR((G16-H16)/N_GRUP,"")) -> 0.625 | J16: =IF(I16="","",IF(I16<0,"Sangat jelek",IF(I16<=DP_B1,"Jelek",IF(I16<=DP_B2,"Cukup",IF(I16<=DP_B3,"Baik","Baik sekali"))))) -> Baik | K16: =IF(OR($B16="",C16=0),"",SUMIFS(SKOR!$AS$6:$AS$55,SKOR!$O$6:$O$55,1)/C16) -> 26.05 | L16: =IF(K16="","",IFERROR((K16-MEAN_SKOR)/SD_SKOR*SQRT(E16/(1-E16)),"")) -> 0.49347227 | M16: =IF($B16="","",R_TABEL) -> 0.35504589 | N16: =IF($B16="","",IF(L16="","Tidak valid",IF(L16>M16,"Valid","Tidak valid"))) -> Valid | O16: =IF($B16="","",E16*(1-E16)) -> 0.2289282 | P16: =IF($B16="","",PENGECOH!T16) -> 3 | Q16: =IF($B16="","",IF(AND(ISNUMBER(I16),I16<0),"Diganti/Dibuang",IF((N16="Valid")+AND(ISNUMBER(I16),I16>DP_B1)+(F16="Sedang")=3,"Diterima",IF((N16="Valid")+AND(ISNUMBER(I16),I16>DP_B1)+(F16="Sedang")=2,"Direvisi","Diganti/Dibuang")))) -> Diterima | R16: =IF($B16="","",IF(AND(Q16="Diterima",P16=3),"Soal baik; dapat disimpan di bank soal",TRIM(IF(F16="Sukar","Terlalu sukar. ",IF(F16="Mudah","Terlalu mudah. ",""))&IF(N16<>"Valid","Validitas rendah. ","")&IF(AND(ISNUMBER(I16),I16<0),"Daya pembeda negatif (periksa kunci). ",IF(AND(ISNUMBER(I16),I16>DP_B1),"","Daya pembeda rendah. "))&IF(P16<3,"Ada pengecoh tidak berfungsi.","")))) -> Soal baik; dapat disimpan di bank soal | S16: =IF(KUNCI!C16="","",KUNCI!C16) | T16: =IF($Q16="Diterima",$A16,"") -> 11 | U16: =IF($Q16="Direvisi",$A16,"") | V16: =IF($Q16="Diganti/Dibuang",$A16,"")
A17: 12 | B17: =IF(KUNCI!B17="","",UPPER(KUNCI!B17)) -> C | C17: =IF($B17="","",SUM(SKOR!$P$6:$P$55)) -> 18 | D17: =IF($B17="","",N_SISWA-C17) -> 13 | E17: =IF($B17="","",IFERROR(C17/N_SISWA,"")) -> 0.58064516 | F17: =IF(E17="","",IF(E17<=BATAS_SUKAR,"Sukar",IF(E17<=BATAS_MUDAH,"Sedang","Mudah"))) -> Sedang | G17: =IF($B17="","",SUMIFS(SKOR!$P$6:$P$55,SKOR!$AW$6:$AW$55,"<="&N_GRUP)) -> 7 | H17: =IF($B17="","",SUMIFS(SKOR!$P$6:$P$55,SKOR!$AW$6:$AW$55,">"&(N_SISWA-N_GRUP))) -> 3 | I17: =IF($B17="","",IFERROR((G17-H17)/N_GRUP,"")) -> 0.5 | J17: =IF(I17="","",IF(I17<0,"Sangat jelek",IF(I17<=DP_B1,"Jelek",IF(I17<=DP_B2,"Cukup",IF(I17<=DP_B3,"Baik","Baik sekali"))))) -> Baik | K17: =IF(OR($B17="",C17=0),"",SUMIFS(SKOR!$AS$6:$AS$55,SKOR!$P$6:$P$55,1)/C17) -> 26.277778 | L17: =IF(K17="","",IFERROR((K17-MEAN_SKOR)/SD_SKOR*SQRT(E17/(1-E17)),"")) -> 0.47632567 | M17: =IF($B17="","",R_TABEL) -> 0.35504589 | N17: =IF($B17="","",IF(L17="","Tidak valid",IF(L17>M17,"Valid","Tidak valid"))) -> Valid | O17: =IF($B17="","",E17*(1-E17)) -> 0.24349636 | P17: =IF($B17="","",PENGECOH!T17) -> 2 | Q17: =IF($B17="","",IF(AND(ISNUMBER(I17),I17<0),"Diganti/Dibuang",IF((N17="Valid")+AND(ISNUMBER(I17),I17>DP_B1)+(F17="Sedang")=3,"Diterima",IF((N17="Valid")+AND(ISNUMBER(I17),I17>DP_B1)+(F17="Sedang")=2,"Direvisi","Diganti/Dibuang")))) -> Diterima | R17: =IF($B17="","",IF(AND(Q17="Diterima",P17=3),"Soal baik; dapat disimpan di bank soal",TRIM(IF(F17="Sukar","Terlalu sukar. ",IF(F17="Mudah","Terlalu mudah. ",""))&IF(N17<>"Valid","Validitas rendah. ","")&IF(AND(ISNUMBER(I17),I17<0),"Daya pembeda negatif (periksa kunci). ",IF(AND(ISNUMBER(I17),I17>DP_B1),"","Daya pembeda rendah. "))&IF(P17<3,"Ada pengecoh tidak berfungsi.","")))) -> Ada pengecoh tidak berfungsi. | S17: =IF(KUNCI!C17="","",KUNCI!C17) | T17: =IF($Q17="Diterima",$A17,"") -> 12 | U17: =IF($Q17="Direvisi",$A17,"") | V17: =IF($Q17="Diganti/Dibuang",$A17,"")
A18: 13 | B18: =IF(KUNCI!B18="","",UPPER(KUNCI!B18)) -> D | C18: =IF($B18="","",SUM(SKOR!$Q$6:$Q$55)) -> 21 | D18: =IF($B18="","",N_SISWA-C18) -> 10 | E18: =IF($B18="","",IFERROR(C18/N_SISWA,"")) -> 0.67741935 | F18: =IF(E18="","",IF(E18<=BATAS_SUKAR,"Sukar",IF(E18<=BATAS_MUDAH,"Sedang","Mudah"))) -> Sedang | G18: =IF($B18="","",SUMIFS(SKOR!$Q$6:$Q$55,SKOR!$AW$6:$AW$55,"<="&N_GRUP)) -> 6 | H18: =IF($B18="","",SUMIFS(SKOR!$Q$6:$Q$55,SKOR!$AW$6:$AW$55,">"&(N_SISWA-N_GRUP))) -> 7 | I18: =IF($B18="","",IFERROR((G18-H18)/N_GRUP,"")) -> -0.125 | J18: =IF(I18="","",IF(I18<0,"Sangat jelek",IF(I18<=DP_B1,"Jelek",IF(I18<=DP_B2,"Cukup",IF(I18<=DP_B3,"Baik","Baik sekali"))))) -> Sangat jelek | K18: =IF(OR($B18="",C18=0),"",SUMIFS(SKOR!$AS$6:$AS$55,SKOR!$Q$6:$Q$55,1)/C18) -> 23.47619 | L18: =IF(K18="","",IFERROR((K18-MEAN_SKOR)/SD_SKOR*SQRT(E18/(1-E18)),"")) -> -0.10549483 | M18: =IF($B18="","",R_TABEL) -> 0.35504589 | N18: =IF($B18="","",IF(L18="","Tidak valid",IF(L18>M18,"Valid","Tidak valid"))) -> Tidak valid | O18: =IF($B18="","",E18*(1-E18)) -> 0.21852237 | P18: =IF($B18="","",PENGECOH!T18) -> 3 | Q18: =IF($B18="","",IF(AND(ISNUMBER(I18),I18<0),"Diganti/Dibuang",IF((N18="Valid")+AND(ISNUMBER(I18),I18>DP_B1)+(F18="Sedang")=3,"Diterima",IF((N18="Valid")+AND(ISNUMBER(I18),I18>DP_B1)+(F18="Sedang")=2,"Direvisi","Diganti/Dibuang")))) -> Diganti/Dibuang | R18: =IF($B18="","",IF(AND(Q18="Diterima",P18=3),"Soal baik; dapat disimpan di bank soal",TRIM(IF(F18="Sukar","Terlalu sukar. ",IF(F18="Mudah","Terlalu mudah. ",""))&IF(N18<>"Valid","Validitas rendah. ","")&IF(AND(ISNUMBER(I18),I18<0),"Daya pembeda negatif (periksa kunci). ",IF(AND(ISNUMBER(I18),I18>DP_B1),"","Daya pembeda rendah. "))&IF(P18<3,"Ada pengecoh tidak berfungsi.","")))) -> Validitas rendah. Daya pembeda negatif (periksa kunci). | S18: =IF(KUNCI!C18="","",KUNCI!C18) | T18: =IF($Q18="Diterima",$A18,"") | U18: =IF($Q18="Direvisi",$A18,"") | V18: =IF($Q18="Diganti/Dibuang",$A18,"") -> 13
A19: 14 | B19: =IF(KUNCI!B19="","",UPPER(KUNCI!B19)) -> A | C19: =IF($B19="","",SUM(SKOR!$R$6:$R$55)) -> 18 | D19: =IF($B19="","",N_SISWA-C19) -> 13 | E19: =IF($B19="","",IFERROR(C19/N_SISWA,"")) -> 0.58064516 | F19: =IF(E19="","",IF(E19<=BATAS_SUKAR,"Sukar",IF(E19<=BATAS_MUDAH,"Sedang","Mudah"))) -> Sedang | G19: =IF($B19="","",SUMIFS(SKOR!$R$6:$R$55,SKOR!$AW$6:$AW$55,"<="&N_GRUP)) -> 6 | H19: =IF($B19="","",SUMIFS(SKOR!$R$6:$R$55,SKOR!$AW$6:$AW$55,">"&(N_SISWA-N_GRUP))) -> 3 | I19: =IF($B19="","",IFERROR((G19-H19)/N_GRUP,"")) -> 0.375 | J19: =IF(I19="","",IF(I19<0,"Sangat jelek",IF(I19<=DP_B1,"Jelek",IF(I19<=DP_B2,"Cukup",IF(I19<=DP_B3,"Baik","Baik sekali"))))) -> Cukup | K19: =IF(OR($B19="",C19=0),"",SUMIFS(SKOR!$AS$6:$AS$55,SKOR!$R$6:$R$55,1)/C19) -> 25.833333 | L19: =IF(K19="","",IFERROR((K19-MEAN_SKOR)/SD_SKOR*SQRT(E19/(1-E19)),"")) -> 0.38717188 | M19: =IF($B19="","",R_TABEL) -> 0.35504589 | N19: =IF($B19="","",IF(L19="","Tidak valid",IF(L19>M19,"Valid","Tidak valid"))) -> Valid | O19: =IF($B19="","",E19*(1-E19)) -> 0.24349636 | P19: =IF($B19="","",PENGECOH!T19) -> 3 | Q19: =IF($B19="","",IF(AND(ISNUMBER(I19),I19<0),"Diganti/Dibuang",IF((N19="Valid")+AND(ISNUMBER(I19),I19>DP_B1)+(F19="Sedang")=3,"Diterima",IF((N19="Valid")+AND(ISNUMBER(I19),I19>DP_B1)+(F19="Sedang")=2,"Direvisi","Diganti/Dibuang")))) -> Diterima | R19: =IF($B19="","",IF(AND(Q19="Diterima",P19=3),"Soal baik; dapat disimpan di bank soal",TRIM(IF(F19="Sukar","Terlalu sukar. ",IF(F19="Mudah","Terlalu mudah. ",""))&IF(N19<>"Valid","Validitas rendah. ","")&IF(AND(ISNUMBER(I19),I19<0),"Daya pembeda negatif (periksa kunci). ",IF(AND(ISNUMBER(I19),I19>DP_B1),"","Daya pembeda rendah. "))&IF(P19<3,"Ada pengecoh tidak berfungsi.","")))) -> Soal baik; dapat disimpan di bank soal | S19: =IF(KUNCI!C19="","",KUNCI!C19) | T19: =IF($Q19="Diterima",$A19,"") -> 14 | U19: =IF($Q19="Direvisi",$A19,"") | V19: =IF($Q19="Diganti/Dibuang",$A19,"")
A20: 15 | B20: =IF(KUNCI!B20="","",UPPER(KUNCI!B20)) -> B | C20: =IF($B20="","",SUM(SKOR!$S$6:$S$55)) -> 16 | D20: =IF($B20="","",N_SISWA-C20) -> 15 | E20: =IF($B20="","",IFERROR(C20/N_SISWA,"")) -> 0.51612903 | F20: =IF(E20="","",IF(E20<=BATAS_SUKAR,"Sukar",IF(E20<=BATAS_MUDAH,"Sedang","Mudah"))) -> Sedang | G20: =IF($B20="","",SUMIFS(SKOR!$S$6:$S$55,SKOR!$AW$6:$AW$55,"<="&N_GRUP)) -> 8 | H20: =IF($B20="","",SUMIFS(SKOR!$S$6:$S$55,SKOR!$AW$6:$AW$55,">"&(N_SISWA-N_GRUP))) -> 1 | I20: =IF($B20="","",IFERROR((G20-H20)/N_GRUP,"")) -> 0.875 | J20: =IF(I20="","",IF(I20<0,"Sangat jelek",IF(I20<=DP_B1,"Jelek",IF(I20<=DP_B2,"Cukup",IF(I20<=DP_B3,"Baik","Baik sekali"))))) -> Baik sekali | K20: =IF(OR($B20="",C20=0),"",SUMIFS(SKOR!$AS$6:$AS$55,SKOR!$S$6:$S$55,1)/C20) -> 27.4375 | L20: =IF(K20="","",IFERROR((K20-MEAN_SKOR)/SD_SKOR*SQRT(E20/(1-E20)),"")) -> 0.62226064 | M20: =IF($B20="","",R_TABEL) -> 0.35504589 | N20: =IF($B20="","",IF(L20="","Tidak valid",IF(L20>M20,"Valid","Tidak valid"))) -> Valid | O20: =IF($B20="","",E20*(1-E20)) -> 0.24973985 | P20: =IF($B20="","",PENGECOH!T20) -> 3 | Q20: =IF($B20="","",IF(AND(ISNUMBER(I20),I20<0),"Diganti/Dibuang",IF((N20="Valid")+AND(ISNUMBER(I20),I20>DP_B1)+(F20="Sedang")=3,"Diterima",IF((N20="Valid")+AND(ISNUMBER(I20),I20>DP_B1)+(F20="Sedang")=2,"Direvisi","Diganti/Dibuang")))) -> Diterima | R20: =IF($B20="","",IF(AND(Q20="Diterima",P20=3),"Soal baik; dapat disimpan di bank soal",TRIM(IF(F20="Sukar","Terlalu sukar. ",IF(F20="Mudah","Terlalu mudah. ",""))&IF(N20<>"Valid","Validitas rendah. ","")&IF(AND(ISNUMBER(I20),I20<0),"Daya pembeda negatif (periksa kunci). ",IF(AND(ISNUMBER(I20),I20>DP_B1),"","Daya pembeda rendah. "))&IF(P20<3,"Ada pengecoh tidak berfungsi.","")))) -> Soal baik; dapat disimpan di bank soal | S20: =IF(KUNCI!C20="","",KUNCI!C20) | T20: =IF($Q20="Diterima",$A20,"") -> 15 | U20: =IF($Q20="Direvisi",$A20,"") | V20: =IF($Q20="Diganti/Dibuang",$A20,"")
A21: 16 | B21: =IF(KUNCI!B21="","",UPPER(KUNCI!B21)) -> C | C21: =IF($B21="","",SUM(SKOR!$T$6:$T$55)) -> 17 | D21: =IF($B21="","",N_SISWA-C21) -> 14 | E21: =IF($B21="","",IFERROR(C21/N_SISWA,"")) -> 0.5483871 | F21: =IF(E21="","",IF(E21<=BATAS_SUKAR,"Sukar",IF(E21<=BATAS_MUDAH,"Sedang","Mudah"))) -> Sedang | G21: =IF($B21="","",SUMIFS(SKOR!$T$6:$T$55,SKOR!$AW$6:$AW$55,"<="&N_GRUP)) -> 7 | H21: =IF($B21="","",SUMIFS(SKOR!$T$6:$T$55,SKOR!$AW$6:$AW$55,">"&(N_SISWA-N_GRUP))) -> 3 | I21: =IF($B21="","",IFERROR((G21-H21)/N_GRUP,"")) -> 0.5 | J21: =IF(I21="","",IF(I21<0,"Sangat jelek",IF(I21<=DP_B1,"Jelek",IF(I21<=DP_B2,"Cukup",IF(I21<=DP_B3,"Baik","Baik sekali"))))) -> Baik | K21: =IF(OR($B21="",C21=0),"",SUMIFS(SKOR!$AS$6:$AS$55,SKOR!$T$6:$T$55,1)/C21) -> 26.117647 | L21: =IF(K21="","",IFERROR((K21-MEAN_SKOR)/SD_SKOR*SQRT(E21/(1-E21)),"")) -> 0.41598571 | M21: =IF($B21="","",R_TABEL) -> 0.35504589 | N21: =IF($B21="","",IF(L21="","Tidak valid",IF(L21>M21,"Valid","Tidak valid"))) -> Valid | O21: =IF($B21="","",E21*(1-E21)) -> 0.24765869 | P21: =IF($B21="","",PENGECOH!T21) -> 3 | Q21: =IF($B21="","",IF(AND(ISNUMBER(I21),I21<0),"Diganti/Dibuang",IF((N21="Valid")+AND(ISNUMBER(I21),I21>DP_B1)+(F21="Sedang")=3,"Diterima",IF((N21="Valid")+AND(ISNUMBER(I21),I21>DP_B1)+(F21="Sedang")=2,"Direvisi","Diganti/Dibuang")))) -> Diterima | R21: =IF($B21="","",IF(AND(Q21="Diterima",P21=3),"Soal baik; dapat disimpan di bank soal",TRIM(IF(F21="Sukar","Terlalu sukar. ",IF(F21="Mudah","Terlalu mudah. ",""))&IF(N21<>"Valid","Validitas rendah. ","")&IF(AND(ISNUMBER(I21),I21<0),"Daya pembeda negatif (periksa kunci). ",IF(AND(ISNUMBER(I21),I21>DP_B1),"","Daya pembeda rendah. "))&IF(P21<3,"Ada pengecoh tidak berfungsi.","")))) -> Soal baik; dapat disimpan di bank soal | S21: =IF(KUNCI!C21="","",KUNCI!C21) | T21: =IF($Q21="Diterima",$A21,"") -> 16 | U21: =IF($Q21="Direvisi",$A21,"") | V21: =IF($Q21="Diganti/Dibuang",$A21,"")
A22: 17 | B22: =IF(KUNCI!B22="","",UPPER(KUNCI!B22)) -> C | C22: =IF($B22="","",SUM(SKOR!$U$6:$U$55)) -> 14 | D22: =IF($B22="","",N_SISWA-C22) -> 17 | E22: =IF($B22="","",IFERROR(C22/N_SISWA,"")) -> 0.4516129 | F22: =IF(E22="","",IF(E22<=BATAS_SUKAR,"Sukar",IF(E22<=BATAS_MUDAH,"Sedang","Mudah"))) -> Sedang | G22: =IF($B22="","",SUMIFS(SKOR!$U$6:$U$55,SKOR!$AW$6:$AW$55,"<="&N_GRUP)) -> 4 | H22: =IF($B22="","",SUMIFS(SKOR!$U$6:$U$55,SKOR!$AW$6:$AW$55,">"&(N_SISWA-N_GRUP))) -> 4 | I22: =IF($B22="","",IFERROR((G22-H22)/N_GRUP,"")) -> 0 | J22: =IF(I22="","",IF(I22<0,"Sangat jelek",IF(I22<=DP_B1,"Jelek",IF(I22<=DP_B2,"Cukup",IF(I22<=DP_B3,"Baik","Baik sekali"))))) -> Jelek | K22: =IF(OR($B22="",C22=0),"",SUMIFS(SKOR!$AS$6:$AS$55,SKOR!$U$6:$U$55,1)/C22) -> 24.428571 | L22: =IF(K22="","",IFERROR((K22-MEAN_SKOR)/SD_SKOR*SQRT(E22/(1-E22)),"")) -> 0.081272273 | M22: =IF($B22="","",R_TABEL) -> 0.35504589 | N22: =IF($B22="","",IF(L22="","Tidak valid",IF(L22>M22,"Valid","Tidak valid"))) -> Tidak valid | O22: =IF($B22="","",E22*(1-E22)) -> 0.24765869 | P22: =IF($B22="","",PENGECOH!T22) -> 3 | Q22: =IF($B22="","",IF(AND(ISNUMBER(I22),I22<0),"Diganti/Dibuang",IF((N22="Valid")+AND(ISNUMBER(I22),I22>DP_B1)+(F22="Sedang")=3,"Diterima",IF((N22="Valid")+AND(ISNUMBER(I22),I22>DP_B1)+(F22="Sedang")=2,"Direvisi","Diganti/Dibuang")))) -> Diganti/Dibuang | R22: =IF($B22="","",IF(AND(Q22="Diterima",P22=3),"Soal baik; dapat disimpan di bank soal",TRIM(IF(F22="Sukar","Terlalu sukar. ",IF(F22="Mudah","Terlalu mudah. ",""))&IF(N22<>"Valid","Validitas rendah. ","")&IF(AND(ISNUMBER(I22),I22<0),"Daya pembeda negatif (periksa kunci). ",IF(AND(ISNUMBER(I22),I22>DP_B1),"","Daya pembeda rendah. "))&IF(P22<3,"Ada pengecoh tidak berfungsi.","")))) -> Validitas rendah. Daya pembeda rendah. | S22: =IF(KUNCI!C22="","",KUNCI!C22) | T22: =IF($Q22="Diterima",$A22,"") | U22: =IF($Q22="Direvisi",$A22,"") | V22: =IF($Q22="Diganti/Dibuang",$A22,"") -> 17
A23: 18 | B23: =IF(KUNCI!B23="","",UPPER(KUNCI!B23)) -> A | C23: =IF($B23="","",SUM(SKOR!$V$6:$V$55)) -> 15 | D23: =IF($B23="","",N_SISWA-C23) -> 16 | E23: =IF($B23="","",IFERROR(C23/N_SISWA,"")) -> 0.48387097 | F23: =IF(E23="","",IF(E23<=BATAS_SUKAR,"Sukar",IF(E23<=BATAS_MUDAH,"Sedang","Mudah"))) -> Sedang | G23: =IF($B23="","",SUMIFS(SKOR!$V$6:$V$55,SKOR!$AW$6:$AW$55,"<="&N_GRUP)) -> 7 | H23: =IF($B23="","",SUMIFS(SKOR!$V$6:$V$55,SKOR!$AW$6:$AW$55,">"&(N_SISWA-N_GRUP))) -> 3 | I23: =IF($B23="","",IFERROR((G23-H23)/N_GRUP,"")) -> 0.5 | J23: =IF(I23="","",IF(I23<0,"Sangat jelek",IF(I23<=DP_B1,"Jelek",IF(I23<=DP_B2,"Cukup",IF(I23<=DP_B3,"Baik","Baik sekali"))))) -> Baik | K23: =IF(OR($B23="",C23=0),"",SUMIFS(SKOR!$AS$6:$AS$55,SKOR!$V$6:$V$55,1)/C23) -> 26.8 | L23: =IF(K23="","",IFERROR((K23-MEAN_SKOR)/SD_SKOR*SQRT(E23/(1-E23)),"")) -> 0.47814323 | M23: =IF($B23="","",R_TABEL) -> 0.35504589 | N23: =IF($B23="","",IF(L23="","Tidak valid",IF(L23>M23,"Valid","Tidak valid"))) -> Valid | O23: =IF($B23="","",E23*(1-E23)) -> 0.24973985 | P23: =IF($B23="","",PENGECOH!T23) -> 3 | Q23: =IF($B23="","",IF(AND(ISNUMBER(I23),I23<0),"Diganti/Dibuang",IF((N23="Valid")+AND(ISNUMBER(I23),I23>DP_B1)+(F23="Sedang")=3,"Diterima",IF((N23="Valid")+AND(ISNUMBER(I23),I23>DP_B1)+(F23="Sedang")=2,"Direvisi","Diganti/Dibuang")))) -> Diterima | R23: =IF($B23="","",IF(AND(Q23="Diterima",P23=3),"Soal baik; dapat disimpan di bank soal",TRIM(IF(F23="Sukar","Terlalu sukar. ",IF(F23="Mudah","Terlalu mudah. ",""))&IF(N23<>"Valid","Validitas rendah. ","")&IF(AND(ISNUMBER(I23),I23<0),"Daya pembeda negatif (periksa kunci). ",IF(AND(ISNUMBER(I23),I23>DP_B1),"","Daya pembeda rendah. "))&IF(P23<3,"Ada pengecoh tidak berfungsi.","")))) -> Soal baik; dapat disimpan di bank soal | S23: =IF(KUNCI!C23="","",KUNCI!C23) | T23: =IF($Q23="Diterima",$A23,"") -> 18 | U23: =IF($Q23="Direvisi",$A23,"") | V23: =IF($Q23="Diganti/Dibuang",$A23,"")
A24: 19 | B24: =IF(KUNCI!B24="","",UPPER(KUNCI!B24)) -> C | C24: =IF($B24="","",SUM(SKOR!$W$6:$W$55)) -> 18 | D24: =IF($B24="","",N_SISWA-C24) -> 13 | E24: =IF($B24="","",IFERROR(C24/N_SISWA,"")) -> 0.58064516 | F24: =IF(E24="","",IF(E24<=BATAS_SUKAR,"Sukar",IF(E24<=BATAS_MUDAH,"Sedang","Mudah"))) -> Sedang | G24: =IF($B24="","",SUMIFS(SKOR!$W$6:$W$55,SKOR!$AW$6:$AW$55,"<="&N_GRUP)) -> 6 | H24: =IF($B24="","",SUMIFS(SKOR!$W$6:$W$55,SKOR!$AW$6:$AW$55,">"&(N_SISWA-N_GRUP))) -> 5 | I24: =IF($B24="","",IFERROR((G24-H24)/N_GRUP,"")) -> 0.125 | J24: =IF(I24="","",IF(I24<0,"Sangat jelek",IF(I24<=DP_B1,"Jelek",IF(I24<=DP_B2,"Cukup",IF(I24<=DP_B3,"Baik","Baik sekali"))))) -> Jelek | K24: =IF(OR($B24="",C24=0),"",SUMIFS(SKOR!$AS$6:$AS$55,SKOR!$W$6:$W$55,1)/C24) -> 24.833333 | L24: =IF(K24="","",IFERROR((K24-MEAN_SKOR)/SD_SKOR*SQRT(E24/(1-E24)),"")) -> 0.18657587 | M24: =IF($B24="","",R_TABEL) -> 0.35504589 | N24: =IF($B24="","",IF(L24="","Tidak valid",IF(L24>M24,"Valid","Tidak valid"))) -> Tidak valid | O24: =IF($B24="","",E24*(1-E24)) -> 0.24349636 | P24: =IF($B24="","",PENGECOH!T24) -> 3 | Q24: =IF($B24="","",IF(AND(ISNUMBER(I24),I24<0),"Diganti/Dibuang",IF((N24="Valid")+AND(ISNUMBER(I24),I24>DP_B1)+(F24="Sedang")=3,"Diterima",IF((N24="Valid")+AND(ISNUMBER(I24),I24>DP_B1)+(F24="Sedang")=2,"Direvisi","Diganti/Dibuang")))) -> Diganti/Dibuang | R24: =IF($B24="","",IF(AND(Q24="Diterima",P24=3),"Soal baik; dapat disimpan di bank soal",TRIM(IF(F24="Sukar","Terlalu sukar. ",IF(F24="Mudah","Terlalu mudah. ",""))&IF(N24<>"Valid","Validitas rendah. ","")&IF(AND(ISNUMBER(I24),I24<0),"Daya pembeda negatif (periksa kunci). ",IF(AND(ISNUMBER(I24),I24>DP_B1),"","Daya pembeda rendah. "))&IF(P24<3,"Ada pengecoh tidak berfungsi.","")))) -> Validitas rendah. Daya pembeda rendah. | S24: =IF(KUNCI!C24="","",KUNCI!C24) | T24: =IF($Q24="Diterima",$A24,"") | U24: =IF($Q24="Direvisi",$A24,"") | V24: =IF($Q24="Diganti/Dibuang",$A24,"") -> 19
A25: 20 | B25: =IF(KUNCI!B25="","",UPPER(KUNCI!B25)) -> B | C25: =IF($B25="","",SUM(SKOR!$X$6:$X$55)) -> 22 | D25: =IF($B25="","",N_SISWA-C25) -> 9 | E25: =IF($B25="","",IFERROR(C25/N_SISWA,"")) -> 0.70967742 | F25: =IF(E25="","",IF(E25<=BATAS_SUKAR,"Sukar",IF(E25<=BATAS_MUDAH,"Sedang","Mudah"))) -> Mudah | G25: =IF($B25="","",SUMIFS(SKOR!$X$6:$X$55,SKOR!$AW$6:$AW$55,"<="&N_GRUP)) -> 8 | H25: =IF($B25="","",SUMIFS(SKOR!$X$6:$X$55,SKOR!$AW$6:$AW$55,">"&(N_SISWA-N_GRUP))) -> 4 | I25: =IF($B25="","",IFERROR((G25-H25)/N_GRUP,"")) -> 0.5 | J25: =IF(I25="","",IF(I25<0,"Sangat jelek",IF(I25<=DP_B1,"Jelek",IF(I25<=DP_B2,"Cukup",IF(I25<=DP_B3,"Baik","Baik sekali"))))) -> Baik | K25: =IF(OR($B25="",C25=0),"",SUMIFS(SKOR!$AS$6:$AS$55,SKOR!$X$6:$X$55,1)/C25) -> 25.727273 | L25: =IF(K25="","",IFERROR((K25-MEAN_SKOR)/SD_SKOR*SQRT(E25/(1-E25)),"")) -> 0.48616515 | M25: =IF($B25="","",R_TABEL) -> 0.35504589 | N25: =IF($B25="","",IF(L25="","Tidak valid",IF(L25>M25,"Valid","Tidak valid"))) -> Valid | O25: =IF($B25="","",E25*(1-E25)) -> 0.20603538 | P25: =IF($B25="","",PENGECOH!T25) -> 3 | Q25: =IF($B25="","",IF(AND(ISNUMBER(I25),I25<0),"Diganti/Dibuang",IF((N25="Valid")+AND(ISNUMBER(I25),I25>DP_B1)+(F25="Sedang")=3,"Diterima",IF((N25="Valid")+AND(ISNUMBER(I25),I25>DP_B1)+(F25="Sedang")=2,"Direvisi","Diganti/Dibuang")))) -> Direvisi | R25: =IF($B25="","",IF(AND(Q25="Diterima",P25=3),"Soal baik; dapat disimpan di bank soal",TRIM(IF(F25="Sukar","Terlalu sukar. ",IF(F25="Mudah","Terlalu mudah. ",""))&IF(N25<>"Valid","Validitas rendah. ","")&IF(AND(ISNUMBER(I25),I25<0),"Daya pembeda negatif (periksa kunci). ",IF(AND(ISNUMBER(I25),I25>DP_B1),"","Daya pembeda rendah. "))&IF(P25<3,"Ada pengecoh tidak berfungsi.","")))) -> Terlalu mudah. | S25: =IF(KUNCI!C25="","",KUNCI!C25) | T25: =IF($Q25="Diterima",$A25,"") | U25: =IF($Q25="Direvisi",$A25,"") -> 20 | V25: =IF($Q25="Diganti/Dibuang",$A25,"")
A26: 21 | B26: =IF(KUNCI!B26="","",UPPER(KUNCI!B26)) -> D | C26: =IF($B26="","",SUM(SKOR!$Y$6:$Y$55)) -> 18 | D26: =IF($B26="","",N_SISWA-C26) -> 13 | E26: =IF($B26="","",IFERROR(C26/N_SISWA,"")) -> 0.58064516 | F26: =IF(E26="","",IF(E26<=BATAS_SUKAR,"Sukar",IF(E26<=BATAS_MUDAH,"Sedang","Mudah"))) -> Sedang | G26: =IF($B26="","",SUMIFS(SKOR!$Y$6:$Y$55,SKOR!$AW$6:$AW$55,"<="&N_GRUP)) -> 7 | H26: =IF($B26="","",SUMIFS(SKOR!$Y$6:$Y$55,SKOR!$AW$6:$AW$55,">"&(N_SISWA-N_GRUP))) -> 3 | I26: =IF($B26="","",IFERROR((G26-H26)/N_GRUP,"")) -> 0.5 | J26: =IF(I26="","",IF(I26<0,"Sangat jelek",IF(I26<=DP_B1,"Jelek",IF(I26<=DP_B2,"Cukup",IF(I26<=DP_B3,"Baik","Baik sekali"))))) -> Baik | K26: =IF(OR($B26="",C26=0),"",SUMIFS(SKOR!$AS$6:$AS$55,SKOR!$Y$6:$Y$55,1)/C26) -> 25.777778 | L26: =IF(K26="","",IFERROR((K26-MEAN_SKOR)/SD_SKOR*SQRT(E26/(1-E26)),"")) -> 0.37602766 | M26: =IF($B26="","",R_TABEL) -> 0.35504589 | N26: =IF($B26="","",IF(L26="","Tidak valid",IF(L26>M26,"Valid","Tidak valid"))) -> Valid | O26: =IF($B26="","",E26*(1-E26)) -> 0.24349636 | P26: =IF($B26="","",PENGECOH!T26) -> 3 | Q26: =IF($B26="","",IF(AND(ISNUMBER(I26),I26<0),"Diganti/Dibuang",IF((N26="Valid")+AND(ISNUMBER(I26),I26>DP_B1)+(F26="Sedang")=3,"Diterima",IF((N26="Valid")+AND(ISNUMBER(I26),I26>DP_B1)+(F26="Sedang")=2,"Direvisi","Diganti/Dibuang")))) -> Diterima | R26: =IF($B26="","",IF(AND(Q26="Diterima",P26=3),"Soal baik; dapat disimpan di bank soal",TRIM(IF(F26="Sukar","Terlalu sukar. ",IF(F26="Mudah","Terlalu mudah. ",""))&IF(N26<>"Valid","Validitas rendah. ","")&IF(AND(ISNUMBER(I26),I26<0),"Daya pembeda negatif (periksa kunci). ",IF(AND(ISNUMBER(I26),I26>DP_B1),"","Daya pembeda rendah. "))&IF(P26<3,"Ada pengecoh tidak berfungsi.","")))) -> Soal baik; dapat disimpan di bank soal | S26: =IF(KUNCI!C26="","",KUNCI!C26) | T26: =IF($Q26="Diterima",$A26,"") -> 21 | U26: =IF($Q26="Direvisi",$A26,"") | V26: =IF($Q26="Diganti/Dibuang",$A26,"")
A27: 22 | B27: =IF(KUNCI!B27="","",UPPER(KUNCI!B27)) -> D | C27: =IF($B27="","",SUM(SKOR!$Z$6:$Z$55)) -> 20 | D27: =IF($B27="","",N_SISWA-C27) -> 11 | E27: =IF($B27="","",IFERROR(C27/N_SISWA,"")) -> 0.64516129 | F27: =IF(E27="","",IF(E27<=BATAS_SUKAR,"Sukar",IF(E27<=BATAS_MUDAH,"Sedang","Mudah"))) -> Sedang | G27: =IF($B27="","",SUMIFS(SKOR!$Z$6:$Z$55,SKOR!$AW$6:$AW$55,"<="&N_GRUP)) -> 6 | H27: =IF($B27="","",SUMIFS(SKOR!$Z$6:$Z$55,SKOR!$AW$6:$AW$55,">"&(N_SISWA-N_GRUP))) -> 4 | I27: =IF($B27="","",IFERROR((G27-H27)/N_GRUP,"")) -> 0.25 | J27: =IF(I27="","",IF(I27<0,"Sangat jelek",IF(I27<=DP_B1,"Jelek",IF(I27<=DP_B2,"Cukup",IF(I27<=DP_B3,"Baik","Baik sekali"))))) -> Cukup | K27: =IF(OR($B27="",C27=0),"",SUMIFS(SKOR!$AS$6:$AS$55,SKOR!$Z$6:$Z$55,1)/C27) -> 25.05 | L27: =IF(K27="","",IFERROR((K27-MEAN_SKOR)/SD_SKOR*SQRT(E27/(1-E27)),"")) -> 0.2636054 | M27: =IF($B27="","",R_TABEL) -> 0.35504589 | N27: =IF($B27="","",IF(L27="","Tidak valid",IF(L27>M27,"Valid","Tidak valid"))) -> Tidak valid | O27: =IF($B27="","",E27*(1-E27)) -> 0.2289282 | P27: =IF($B27="","",PENGECOH!T27) -> 1 | Q27: =IF($B27="","",IF(AND(ISNUMBER(I27),I27<0),"Diganti/Dibuang",IF((N27="Valid")+AND(ISNUMBER(I27),I27>DP_B1)+(F27="Sedang")=3,"Diterima",IF((N27="Valid")+AND(ISNUMBER(I27),I27>DP_B1)+(F27="Sedang")=2,"Direvisi","Diganti/Dibuang")))) -> Direvisi | R27: =IF($B27="","",IF(AND(Q27="Diterima",P27=3),"Soal baik; dapat disimpan di bank soal",TRIM(IF(F27="Sukar","Terlalu sukar. ",IF(F27="Mudah","Terlalu mudah. ",""))&IF(N27<>"Valid","Validitas rendah. ","")&IF(AND(ISNUMBER(I27),I27<0),"Daya pembeda negatif (periksa kunci). ",IF(AND(ISNUMBER(I27),I27>DP_B1),"","Daya pembeda rendah. "))&IF(P27<3,"Ada pengecoh tidak berfungsi.","")))) -> Validitas rendah. Ada pengecoh tidak berfungsi. | S27: =IF(KUNCI!C27="","",KUNCI!C27) | T27: =IF($Q27="Diterima",$A27,"") | U27: =IF($Q27="Direvisi",$A27,"") -> 22 | V27: =IF($Q27="Diganti/Dibuang",$A27,"")
A28: 23 | B28: =IF(KUNCI!B28="","",UPPER(KUNCI!B28)) -> A | C28: =IF($B28="","",SUM(SKOR!$AA$6:$AA$55)) -> 22 | D28: =IF($B28="","",N_SISWA-C28) -> 9 | E28: =IF($B28="","",IFERROR(C28/N_SISWA,"")) -> 0.70967742 | F28: =IF(E28="","",IF(E28<=BATAS_SUKAR,"Sukar",IF(E28<=BATAS_MUDAH,"Sedang","Mudah"))) -> Mudah | G28: =IF($B28="","",SUMIFS(SKOR!$AA$6:$AA$55,SKOR!$AW$6:$AW$55,"<="&N_GRUP)) -> 6 | H28: =IF($B28="","",SUMIFS(SKOR!$AA$6:$AA$55,SKOR!$AW$6:$AW$55,">"&(N_SISWA-N_GRUP))) -> 5 | I28: =IF($B28="","",IFERROR((G28-H28)/N_GRUP,"")) -> 0.125 | J28: =IF(I28="","",IF(I28<0,"Sangat jelek",IF(I28<=DP_B1,"Jelek",IF(I28<=DP_B2,"Cukup",IF(I28<=DP_B3,"Baik","Baik sekali"))))) -> Jelek | K28: =IF(OR($B28="",C28=0),"",SUMIFS(SKOR!$AS$6:$AS$55,SKOR!$AA$6:$AA$55,1)/C28) -> 24.363636 | L28: =IF(K28="","",IFERROR((K28-MEAN_SKOR)/SD_SKOR*SQRT(E28/(1-E28)),"")) -> 0.12271371 | M28: =IF($B28="","",R_TABEL) -> 0.35504589 | N28: =IF($B28="","",IF(L28="","Tidak valid",IF(L28>M28,"Valid","Tidak valid"))) -> Tidak valid | O28: =IF($B28="","",E28*(1-E28)) -> 0.20603538 | P28: =IF($B28="","",PENGECOH!T28) -> 3 | Q28: =IF($B28="","",IF(AND(ISNUMBER(I28),I28<0),"Diganti/Dibuang",IF((N28="Valid")+AND(ISNUMBER(I28),I28>DP_B1)+(F28="Sedang")=3,"Diterima",IF((N28="Valid")+AND(ISNUMBER(I28),I28>DP_B1)+(F28="Sedang")=2,"Direvisi","Diganti/Dibuang")))) -> Diganti/Dibuang | R28: =IF($B28="","",IF(AND(Q28="Diterima",P28=3),"Soal baik; dapat disimpan di bank soal",TRIM(IF(F28="Sukar","Terlalu sukar. ",IF(F28="Mudah","Terlalu mudah. ",""))&IF(N28<>"Valid","Validitas rendah. ","")&IF(AND(ISNUMBER(I28),I28<0),"Daya pembeda negatif (periksa kunci). ",IF(AND(ISNUMBER(I28),I28>DP_B1),"","Daya pembeda rendah. "))&IF(P28<3,"Ada pengecoh tidak berfungsi.","")))) -> Terlalu mudah. Validitas rendah. Daya pembeda rendah. | S28: =IF(KUNCI!C28="","",KUNCI!C28) | T28: =IF($Q28="Diterima",$A28,"") | U28: =IF($Q28="Direvisi",$A28,"") | V28: =IF($Q28="Diganti/Dibuang",$A28,"") -> 23
A29: 24 | B29: =IF(KUNCI!B29="","",UPPER(KUNCI!B29)) -> C | C29: =IF($B29="","",SUM(SKOR!$AB$6:$AB$55)) -> 21 | D29: =IF($B29="","",N_SISWA-C29) -> 10 | E29: =IF($B29="","",IFERROR(C29/N_SISWA,"")) -> 0.67741935 | F29: =IF(E29="","",IF(E29<=BATAS_SUKAR,"Sukar",IF(E29<=BATAS_MUDAH,"Sedang","Mudah"))) -> Sedang | G29: =IF($B29="","",SUMIFS(SKOR!$AB$6:$AB$55,SKOR!$AW$6:$AW$55,"<="&N_GRUP)) -> 7 | H29: =IF($B29="","",SUMIFS(SKOR!$AB$6:$AB$55,SKOR!$AW$6:$AW$55,">"&(N_SISWA-N_GRUP))) -> 2 | I29: =IF($B29="","",IFERROR((G29-H29)/N_GRUP,"")) -> 0.625 | J29: =IF(I29="","",IF(I29<0,"Sangat jelek",IF(I29<=DP_B1,"Jelek",IF(I29<=DP_B2,"Cukup",IF(I29<=DP_B3,"Baik","Baik sekali"))))) -> Baik | K29: =IF(OR($B29="",C29=0),"",SUMIFS(SKOR!$AS$6:$AS$55,SKOR!$AB$6:$AB$55,1)/C29) -> 26 | L29: =IF(K29="","",IFERROR((K29-MEAN_SKOR)/SD_SKOR*SQRT(E29/(1-E29)),"")) -> 0.51798721 | M29: =IF($B29="","",R_TABEL) -> 0.35504589 | N29: =IF($B29="","",IF(L29="","Tidak valid",IF(L29>M29,"Valid","Tidak valid"))) -> Valid | O29: =IF($B29="","",E29*(1-E29)) -> 0.21852237 | P29: =IF($B29="","",PENGECOH!T29) -> 1 | Q29: =IF($B29="","",IF(AND(ISNUMBER(I29),I29<0),"Diganti/Dibuang",IF((N29="Valid")+AND(ISNUMBER(I29),I29>DP_B1)+(F29="Sedang")=3,"Diterima",IF((N29="Valid")+AND(ISNUMBER(I29),I29>DP_B1)+(F29="Sedang")=2,"Direvisi","Diganti/Dibuang")))) -> Diterima | R29: =IF($B29="","",IF(AND(Q29="Diterima",P29=3),"Soal baik; dapat disimpan di bank soal",TRIM(IF(F29="Sukar","Terlalu sukar. ",IF(F29="Mudah","Terlalu mudah. ",""))&IF(N29<>"Valid","Validitas rendah. ","")&IF(AND(ISNUMBER(I29),I29<0),"Daya pembeda negatif (periksa kunci). ",IF(AND(ISNUMBER(I29),I29>DP_B1),"","Daya pembeda rendah. "))&IF(P29<3,"Ada pengecoh tidak berfungsi.","")))) -> Ada pengecoh tidak berfungsi. | S29: =IF(KUNCI!C29="","",KUNCI!C29) | T29: =IF($Q29="Diterima",$A29,"") -> 24 | U29: =IF($Q29="Direvisi",$A29,"") | V29: =IF($Q29="Diganti/Dibuang",$A29,"")
A30: 25 | B30: =IF(KUNCI!B30="","",UPPER(KUNCI!B30)) -> D | C30: =IF($B30="","",SUM(SKOR!$AC$6:$AC$55)) -> 19 | D30: =IF($B30="","",N_SISWA-C30) -> 12 | E30: =IF($B30="","",IFERROR(C30/N_SISWA,"")) -> 0.61290323 | F30: =IF(E30="","",IF(E30<=BATAS_SUKAR,"Sukar",IF(E30<=BATAS_MUDAH,"Sedang","Mudah"))) -> Sedang | G30: =IF($B30="","",SUMIFS(SKOR!$AC$6:$AC$55,SKOR!$AW$6:$AW$55,"<="&N_GRUP)) -> 5 | H30: =IF($B30="","",SUMIFS(SKOR!$AC$6:$AC$55,SKOR!$AW$6:$AW$55,">"&(N_SISWA-N_GRUP))) -> 5 | I30: =IF($B30="","",IFERROR((G30-H30)/N_GRUP,"")) -> 0 | J30: =IF(I30="","",IF(I30<0,"Sangat jelek",IF(I30<=DP_B1,"Jelek",IF(I30<=DP_B2,"Cukup",IF(I30<=DP_B3,"Baik","Baik sekali"))))) -> Jelek | K30: =IF(OR($B30="",C30=0),"",SUMIFS(SKOR!$AS$6:$AS$55,SKOR!$AC$6:$AC$55,1)/C30) -> 24.578947 | L30: =IF(K30="","",IFERROR((K30-MEAN_SKOR)/SD_SKOR*SQRT(E30/(1-E30)),"")) -> 0.14494782 | M30: =IF($B30="","",R_TABEL) -> 0.35504589 | N30: =IF($B30="","",IF(L30="","Tidak valid",IF(L30>M30,"Valid","Tidak valid"))) -> Tidak valid | O30: =IF($B30="","",E30*(1-E30)) -> 0.23725286 | P30: =IF($B30="","",PENGECOH!T30) -> 3 | Q30: =IF($B30="","",IF(AND(ISNUMBER(I30),I30<0),"Diganti/Dibuang",IF((N30="Valid")+AND(ISNUMBER(I30),I30>DP_B1)+(F30="Sedang")=3,"Diterima",IF((N30="Valid")+AND(ISNUMBER(I30),I30>DP_B1)+(F30="Sedang")=2,"Direvisi","Diganti/Dibuang")))) -> Diganti/Dibuang | R30: =IF($B30="","",IF(AND(Q30="Diterima",P30=3),"Soal baik; dapat disimpan di bank soal",TRIM(IF(F30="Sukar","Terlalu sukar. ",IF(F30="Mudah","Terlalu mudah. ",""))&IF(N30<>"Valid","Validitas rendah. ","")&IF(AND(ISNUMBER(I30),I30<0),"Daya pembeda negatif (periksa kunci). ",IF(AND(ISNUMBER(I30),I30>DP_B1),"","Daya pembeda rendah. "))&IF(P30<3,"Ada pengecoh tidak berfungsi.","")))) -> Validitas rendah. Daya pembeda rendah. | S30: =IF(KUNCI!C30="","",KUNCI!C30) | T30: =IF($Q30="Diterima",$A30,"") | U30: =IF($Q30="Direvisi",$A30,"") | V30: =IF($Q30="Diganti/Dibuang",$A30,"") -> 25
A31: 26 | B31: =IF(KUNCI!B31="","",UPPER(KUNCI!B31)) -> C | C31: =IF($B31="","",SUM(SKOR!$AD$6:$AD$55)) -> 18 | D31: =IF($B31="","",N_SISWA-C31) -> 13 | E31: =IF($B31="","",IFERROR(C31/N_SISWA,"")) -> 0.58064516 | F31: =IF(E31="","",IF(E31<=BATAS_SUKAR,"Sukar",IF(E31<=BATAS_MUDAH,"Sedang","Mudah"))) -> Sedang | G31: =IF($B31="","",SUMIFS(SKOR!$AD$6:$AD$55,SKOR!$AW$6:$AW$55,"<="&N_GRUP)) -> 6 | H31: =IF($B31="","",SUMIFS(SKOR!$AD$6:$AD$55,SKOR!$AW$6:$AW$55,">"&(N_SISWA-N_GRUP))) -> 3 | I31: =IF($B31="","",IFERROR((G31-H31)/N_GRUP,"")) -> 0.375 | J31: =IF(I31="","",IF(I31<0,"Sangat jelek",IF(I31<=DP_B1,"Jelek",IF(I31<=DP_B2,"Cukup",IF(I31<=DP_B3,"Baik","Baik sekali"))))) -> Cukup | K31: =IF(OR($B31="",C31=0),"",SUMIFS(SKOR!$AS$6:$AS$55,SKOR!$AD$6:$AD$55,1)/C31) -> 25.222222 | L31: =IF(K31="","",IFERROR((K31-MEAN_SKOR)/SD_SKOR*SQRT(E31/(1-E31)),"")) -> 0.26458543 | M31: =IF($B31="","",R_TABEL) -> 0.35504589 | N31: =IF($B31="","",IF(L31="","Tidak valid",IF(L31>M31,"Valid","Tidak valid"))) -> Tidak valid | O31: =IF($B31="","",E31*(1-E31)) -> 0.24349636 | P31: =IF($B31="","",PENGECOH!T31) -> 3 | Q31: =IF($B31="","",IF(AND(ISNUMBER(I31),I31<0),"Diganti/Dibuang",IF((N31="Valid")+AND(ISNUMBER(I31),I31>DP_B1)+(F31="Sedang")=3,"Diterima",IF((N31="Valid")+AND(ISNUMBER(I31),I31>DP_B1)+(F31="Sedang")=2,"Direvisi","Diganti/Dibuang")))) -> Direvisi | R31: =IF($B31="","",IF(AND(Q31="Diterima",P31=3),"Soal baik; dapat disimpan di bank soal",TRIM(IF(F31="Sukar","Terlalu sukar. ",IF(F31="Mudah","Terlalu mudah. ",""))&IF(N31<>"Valid","Validitas rendah. ","")&IF(AND(ISNUMBER(I31),I31<0),"Daya pembeda negatif (periksa kunci). ",IF(AND(ISNUMBER(I31),I31>DP_B1),"","Daya pembeda rendah. "))&IF(P31<3,"Ada pengecoh tidak berfungsi.","")))) -> Validitas rendah. | S31: =IF(KUNCI!C31="","",KUNCI!C31) | T31: =IF($Q31="Diterima",$A31,"") | U31: =IF($Q31="Direvisi",$A31,"") -> 26 | V31: =IF($Q31="Diganti/Dibuang",$A31,"")
A32: 27 | B32: =IF(KUNCI!B32="","",UPPER(KUNCI!B32)) -> C | C32: =IF($B32="","",SUM(SKOR!$AE$6:$AE$55)) -> 18 | D32: =IF($B32="","",N_SISWA-C32) -> 13 | E32: =IF($B32="","",IFERROR(C32/N_SISWA,"")) -> 0.58064516 | F32: =IF(E32="","",IF(E32<=BATAS_SUKAR,"Sukar",IF(E32<=BATAS_MUDAH,"Sedang","Mudah"))) -> Sedang | G32: =IF($B32="","",SUMIFS(SKOR!$AE$6:$AE$55,SKOR!$AW$6:$AW$55,"<="&N_GRUP)) -> 7 | H32: =IF($B32="","",SUMIFS(SKOR!$AE$6:$AE$55,SKOR!$AW$6:$AW$55,">"&(N_SISWA-N_GRUP))) -> 3 | I32: =IF($B32="","",IFERROR((G32-H32)/N_GRUP,"")) -> 0.5 | J32: =IF(I32="","",IF(I32<0,"Sangat jelek",IF(I32<=DP_B1,"Jelek",IF(I32<=DP_B2,"Cukup",IF(I32<=DP_B3,"Baik","Baik sekali"))))) -> Baik | K32: =IF(OR($B32="",C32=0),"",SUMIFS(SKOR!$AS$6:$AS$55,SKOR!$AE$6:$AE$55,1)/C32) -> 25.777778 | L32: =IF(K32="","",IFERROR((K32-MEAN_SKOR)/SD_SKOR*SQRT(E32/(1-E32)),"")) -> 0.37602766 | M32: =IF($B32="","",R_TABEL) -> 0.35504589 | N32: =IF($B32="","",IF(L32="","Tidak valid",IF(L32>M32,"Valid","Tidak valid"))) -> Valid | O32: =IF($B32="","",E32*(1-E32)) -> 0.24349636 | P32: =IF($B32="","",PENGECOH!T32) -> 3 | Q32: =IF($B32="","",IF(AND(ISNUMBER(I32),I32<0),"Diganti/Dibuang",IF((N32="Valid")+AND(ISNUMBER(I32),I32>DP_B1)+(F32="Sedang")=3,"Diterima",IF((N32="Valid")+AND(ISNUMBER(I32),I32>DP_B1)+(F32="Sedang")=2,"Direvisi","Diganti/Dibuang")))) -> Diterima | R32: =IF($B32="","",IF(AND(Q32="Diterima",P32=3),"Soal baik; dapat disimpan di bank soal",TRIM(IF(F32="Sukar","Terlalu sukar. ",IF(F32="Mudah","Terlalu mudah. ",""))&IF(N32<>"Valid","Validitas rendah. ","")&IF(AND(ISNUMBER(I32),I32<0),"Daya pembeda negatif (periksa kunci). ",IF(AND(ISNUMBER(I32),I32>DP_B1),"","Daya pembeda rendah. "))&IF(P32<3,"Ada pengecoh tidak berfungsi.","")))) -> Soal baik; dapat disimpan di bank soal | S32: =IF(KUNCI!C32="","",KUNCI!C32) | T32: =IF($Q32="Diterima",$A32,"") -> 27 | U32: =IF($Q32="Direvisi",$A32,"") | V32: =IF($Q32="Diganti/Dibuang",$A32,"")
A33: 28 | B33: =IF(KUNCI!B33="","",UPPER(KUNCI!B33)) -> C | C33: =IF($B33="","",SUM(SKOR!$AF$6:$AF$55)) -> 13 | D33: =IF($B33="","",N_SISWA-C33) -> 18 | E33: =IF($B33="","",IFERROR(C33/N_SISWA,"")) -> 0.41935484 | F33: =IF(E33="","",IF(E33<=BATAS_SUKAR,"Sukar",IF(E33<=BATAS_MUDAH,"Sedang","Mudah"))) -> Sedang | G33: =IF($B33="","",SUMIFS(SKOR!$AF$6:$AF$55,SKOR!$AW$6:$AW$55,"<="&N_GRUP)) -> 5 | H33: =IF($B33="","",SUMIFS(SKOR!$AF$6:$AF$55,SKOR!$AW$6:$AW$55,">"&(N_SISWA-N_GRUP))) -> 1 | I33: =IF($B33="","",IFERROR((G33-H33)/N_GRUP,"")) -> 0.5 | J33: =IF(I33="","",IF(I33<0,"Sangat jelek",IF(I33<=DP_B1,"Jelek",IF(I33<=DP_B2,"Cukup",IF(I33<=DP_B3,"Baik","Baik sekali"))))) -> Baik | K33: =IF(OR($B33="",C33=0),"",SUMIFS(SKOR!$AS$6:$AS$55,SKOR!$AF$6:$AF$55,1)/C33) -> 27.230769 | L33: =IF(K33="","",IFERROR((K33-MEAN_SKOR)/SD_SKOR*SQRT(E33/(1-E33)),"")) -> 0.48207753 | M33: =IF($B33="","",R_TABEL) -> 0.35504589 | N33: =IF($B33="","",IF(L33="","Tidak valid",IF(L33>M33,"Valid","Tidak valid"))) -> Valid | O33: =IF($B33="","",E33*(1-E33)) -> 0.24349636 | P33: =IF($B33="","",PENGECOH!T33) -> 3 | Q33: =IF($B33="","",IF(AND(ISNUMBER(I33),I33<0),"Diganti/Dibuang",IF((N33="Valid")+AND(ISNUMBER(I33),I33>DP_B1)+(F33="Sedang")=3,"Diterima",IF((N33="Valid")+AND(ISNUMBER(I33),I33>DP_B1)+(F33="Sedang")=2,"Direvisi","Diganti/Dibuang")))) -> Diterima | R33: =IF($B33="","",IF(AND(Q33="Diterima",P33=3),"Soal baik; dapat disimpan di bank soal",TRIM(IF(F33="Sukar","Terlalu sukar. ",IF(F33="Mudah","Terlalu mudah. ",""))&IF(N33<>"Valid","Validitas rendah. ","")&IF(AND(ISNUMBER(I33),I33<0),"Daya pembeda negatif (periksa kunci). ",IF(AND(ISNUMBER(I33),I33>DP_B1),"","Daya pembeda rendah. "))&IF(P33<3,"Ada pengecoh tidak berfungsi.","")))) -> Soal baik; dapat disimpan di bank soal | S33: =IF(KUNCI!C33="","",KUNCI!C33) | T33: =IF($Q33="Diterima",$A33,"") -> 28 | U33: =IF($Q33="Direvisi",$A33,"") | V33: =IF($Q33="Diganti/Dibuang",$A33,"")
A34: 29 | B34: =IF(KUNCI!B34="","",UPPER(KUNCI!B34)) -> D | C34: =IF($B34="","",SUM(SKOR!$AG$6:$AG$55)) -> 17 | D34: =IF($B34="","",N_SISWA-C34) -> 14 | E34: =IF($B34="","",IFERROR(C34/N_SISWA,"")) -> 0.5483871 | F34: =IF(E34="","",IF(E34<=BATAS_SUKAR,"Sukar",IF(E34<=BATAS_MUDAH,"Sedang","Mudah"))) -> Sedang | G34: =IF($B34="","",SUMIFS(SKOR!$AG$6:$AG$55,SKOR!$AW$6:$AW$55,"<="&N_GRUP)) -> 8 | H34: =IF($B34="","",SUMIFS(SKOR!$AG$6:$AG$55,SKOR!$AW$6:$AW$55,">"&(N_SISWA-N_GRUP))) -> 3 | I34: =IF($B34="","",IFERROR((G34-H34)/N_GRUP,"")) -> 0.625 | J34: =IF(I34="","",IF(I34<0,"Sangat jelek",IF(I34<=DP_B1,"Jelek",IF(I34<=DP_B2,"Cukup",IF(I34<=DP_B3,"Baik","Baik sekali"))))) -> Baik | K34: =IF(OR($B34="",C34=0),"",SUMIFS(SKOR!$AS$6:$AS$55,SKOR!$AG$6:$AG$55,1)/C34) -> 26.705882 | L34: =IF(K34="","",IFERROR((K34-MEAN_SKOR)/SD_SKOR*SQRT(E34/(1-E34)),"")) -> 0.52648749 | M34: =IF($B34="","",R_TABEL) -> 0.35504589 | N34: =IF($B34="","",IF(L34="","Tidak valid",IF(L34>M34,"Valid","Tidak valid"))) -> Valid | O34: =IF($B34="","",E34*(1-E34)) -> 0.24765869 | P34: =IF($B34="","",PENGECOH!T34) -> 3 | Q34: =IF($B34="","",IF(AND(ISNUMBER(I34),I34<0),"Diganti/Dibuang",IF((N34="Valid")+AND(ISNUMBER(I34),I34>DP_B1)+(F34="Sedang")=3,"Diterima",IF((N34="Valid")+AND(ISNUMBER(I34),I34>DP_B1)+(F34="Sedang")=2,"Direvisi","Diganti/Dibuang")))) -> Diterima | R34: =IF($B34="","",IF(AND(Q34="Diterima",P34=3),"Soal baik; dapat disimpan di bank soal",TRIM(IF(F34="Sukar","Terlalu sukar. ",IF(F34="Mudah","Terlalu mudah. ",""))&IF(N34<>"Valid","Validitas rendah. ","")&IF(AND(ISNUMBER(I34),I34<0),"Daya pembeda negatif (periksa kunci). ",IF(AND(ISNUMBER(I34),I34>DP_B1),"","Daya pembeda rendah. "))&IF(P34<3,"Ada pengecoh tidak berfungsi.","")))) -> Soal baik; dapat disimpan di bank soal | S34: =IF(KUNCI!C34="","",KUNCI!C34) | T34: =IF($Q34="Diterima",$A34,"") -> 29 | U34: =IF($Q34="Direvisi",$A34,"") | V34: =IF($Q34="Diganti/Dibuang",$A34,"")
A35: 30 | B35: =IF(KUNCI!B35="","",UPPER(KUNCI!B35)) -> D | C35: =IF($B35="","",SUM(SKOR!$AH$6:$AH$55)) -> 20 | D35: =IF($B35="","",N_SISWA-C35) -> 11 | E35: =IF($B35="","",IFERROR(C35/N_SISWA,"")) -> 0.64516129 | F35: =IF(E35="","",IF(E35<=BATAS_SUKAR,"Sukar",IF(E35<=BATAS_MUDAH,"Sedang","Mudah"))) -> Sedang | G35: =IF($B35="","",SUMIFS(SKOR!$AH$6:$AH$55,SKOR!$AW$6:$AW$55,"<="&N_GRUP)) -> 7 | H35: =IF($B35="","",SUMIFS(SKOR!$AH$6:$AH$55,SKOR!$AW$6:$AW$55,">"&(N_SISWA-N_GRUP))) -> 4 | I35: =IF($B35="","",IFERROR((G35-H35)/N_GRUP,"")) -> 0.375 | J35: =IF(I35="","",IF(I35<0,"Sangat jelek",IF(I35<=DP_B1,"Jelek",IF(I35<=DP_B2,"Cukup",IF(I35<=DP_B3,"Baik","Baik sekali"))))) -> Cukup | K35: =IF(OR($B35="",C35=0),"",SUMIFS(SKOR!$AS$6:$AS$55,SKOR!$AH$6:$AH$55,1)/C35) -> 25.15 | L35: =IF(K35="","",IFERROR((K35-MEAN_SKOR)/SD_SKOR*SQRT(E35/(1-E35)),"")) -> 0.28659208 | M35: =IF($B35="","",R_TABEL) -> 0.35504589 | N35: =IF($B35="","",IF(L35="","Tidak valid",IF(L35>M35,"Valid","Tidak valid"))) -> Tidak valid | O35: =IF($B35="","",E35*(1-E35)) -> 0.2289282 | P35: =IF($B35="","",PENGECOH!T35) -> 2 | Q35: =IF($B35="","",IF(AND(ISNUMBER(I35),I35<0),"Diganti/Dibuang",IF((N35="Valid")+AND(ISNUMBER(I35),I35>DP_B1)+(F35="Sedang")=3,"Diterima",IF((N35="Valid")+AND(ISNUMBER(I35),I35>DP_B1)+(F35="Sedang")=2,"Direvisi","Diganti/Dibuang")))) -> Direvisi | R35: =IF($B35="","",IF(AND(Q35="Diterima",P35=3),"Soal baik; dapat disimpan di bank soal",TRIM(IF(F35="Sukar","Terlalu sukar. ",IF(F35="Mudah","Terlalu mudah. ",""))&IF(N35<>"Valid","Validitas rendah. ","")&IF(AND(ISNUMBER(I35),I35<0),"Daya pembeda negatif (periksa kunci). ",IF(AND(ISNUMBER(I35),I35>DP_B1),"","Daya pembeda rendah. "))&IF(P35<3,"Ada pengecoh tidak berfungsi.","")))) -> Validitas rendah. Ada pengecoh tidak berfungsi. | S35: =IF(KUNCI!C35="","",KUNCI!C35) | T35: =IF($Q35="Diterima",$A35,"") | U35: =IF($Q35="Direvisi",$A35,"") -> 30 | V35: =IF($Q35="Diganti/Dibuang",$A35,"")
A36: 31 | B36: =IF(KUNCI!B36="","",UPPER(KUNCI!B36)) -> B | C36: =IF($B36="","",SUM(SKOR!$AI$6:$AI$55)) -> 20 | D36: =IF($B36="","",N_SISWA-C36) -> 11 | E36: =IF($B36="","",IFERROR(C36/N_SISWA,"")) -> 0.64516129 | F36: =IF(E36="","",IF(E36<=BATAS_SUKAR,"Sukar",IF(E36<=BATAS_MUDAH,"Sedang","Mudah"))) -> Sedang | G36: =IF($B36="","",SUMIFS(SKOR!$AI$6:$AI$55,SKOR!$AW$6:$AW$55,"<="&N_GRUP)) -> 5 | H36: =IF($B36="","",SUMIFS(SKOR!$AI$6:$AI$55,SKOR!$AW$6:$AW$55,">"&(N_SISWA-N_GRUP))) -> 4 | I36: =IF($B36="","",IFERROR((G36-H36)/N_GRUP,"")) -> 0.125 | J36: =IF(I36="","",IF(I36<0,"Sangat jelek",IF(I36<=DP_B1,"Jelek",IF(I36<=DP_B2,"Cukup",IF(I36<=DP_B3,"Baik","Baik sekali"))))) -> Jelek | K36: =IF(OR($B36="",C36=0),"",SUMIFS(SKOR!$AS$6:$AS$55,SKOR!$AI$6:$AI$55,1)/C36) -> 24.8 | L36: =IF(K36="","",IFERROR((K36-MEAN_SKOR)/SD_SKOR*SQRT(E36/(1-E36)),"")) -> 0.20613868 | M36: =IF($B36="","",R_TABEL) -> 0.35504589 | N36: =IF($B36="","",IF(L36="","Tidak valid",IF(L36>M36,"Valid","Tidak valid"))) -> Tidak valid | O36: =IF($B36="","",E36*(1-E36)) -> 0.2289282 | P36: =IF($B36="","",PENGECOH!T36) -> 3 | Q36: =IF($B36="","",IF(AND(ISNUMBER(I36),I36<0),"Diganti/Dibuang",IF((N36="Valid")+AND(ISNUMBER(I36),I36>DP_B1)+(F36="Sedang")=3,"Diterima",IF((N36="Valid")+AND(ISNUMBER(I36),I36>DP_B1)+(F36="Sedang")=2,"Direvisi","Diganti/Dibuang")))) -> Diganti/Dibuang | R36: =IF($B36="","",IF(AND(Q36="Diterima",P36=3),"Soal baik; dapat disimpan di bank soal",TRIM(IF(F36="Sukar","Terlalu sukar. ",IF(F36="Mudah","Terlalu mudah. ",""))&IF(N36<>"Valid","Validitas rendah. ","")&IF(AND(ISNUMBER(I36),I36<0),"Daya pembeda negatif (periksa kunci). ",IF(AND(ISNUMBER(I36),I36>DP_B1),"","Daya pembeda rendah. "))&IF(P36<3,"Ada pengecoh tidak berfungsi.","")))) -> Validitas rendah. Daya pembeda rendah. | S36: =IF(KUNCI!C36="","",KUNCI!C36) | T36: =IF($Q36="Diterima",$A36,"") | U36: =IF($Q36="Direvisi",$A36,"") | V36: =IF($Q36="Diganti/Dibuang",$A36,"") -> 31
A37: 32 | B37: =IF(KUNCI!B37="","",UPPER(KUNCI!B37)) -> B | C37: =IF($B37="","",SUM(SKOR!$AJ$6:$AJ$55)) -> 21 | D37: =IF($B37="","",N_SISWA-C37) -> 10 | E37: =IF($B37="","",IFERROR(C37/N_SISWA,"")) -> 0.67741935 | F37: =IF(E37="","",IF(E37<=BATAS_SUKAR,"Sukar",IF(E37<=BATAS_MUDAH,"Sedang","Mudah"))) -> Sedang | G37: =IF($B37="","",SUMIFS(SKOR!$AJ$6:$AJ$55,SKOR!$AW$6:$AW$55,"<="&N_GRUP)) -> 6 | H37: =IF($B37="","",SUMIFS(SKOR!$AJ$6:$AJ$55,SKOR!$AW$6:$AW$55,">"&(N_SISWA-N_GRUP))) -> 4 | I37: =IF($B37="","",IFERROR((G37-H37)/N_GRUP,"")) -> 0.25 | J37: =IF(I37="","",IF(I37<0,"Sangat jelek",IF(I37<=DP_B1,"Jelek",IF(I37<=DP_B2,"Cukup",IF(I37<=DP_B3,"Baik","Baik sekali"))))) -> Cukup | K37: =IF(OR($B37="",C37=0),"",SUMIFS(SKOR!$AS$6:$AS$55,SKOR!$AJ$6:$AJ$55,1)/C37) -> 24.619048 | L37: =IF(K37="","",IFERROR((K37-MEAN_SKOR)/SD_SKOR*SQRT(E37/(1-E37)),"")) -> 0.17683666 | M37: =IF($B37="","",R_TABEL) -> 0.35504589 | N37: =IF($B37="","",IF(L37="","Tidak valid",IF(L37>M37,"Valid","Tidak valid"))) -> Tidak valid | O37: =IF($B37="","",E37*(1-E37)) -> 0.21852237 | P37: =IF($B37="","",PENGECOH!T37) -> 3 | Q37: =IF($B37="","",IF(AND(ISNUMBER(I37),I37<0),"Diganti/Dibuang",IF((N37="Valid")+AND(ISNUMBER(I37),I37>DP_B1)+(F37="Sedang")=3,"Diterima",IF((N37="Valid")+AND(ISNUMBER(I37),I37>DP_B1)+(F37="Sedang")=2,"Direvisi","Diganti/Dibuang")))) -> Direvisi | R37: =IF($B37="","",IF(AND(Q37="Diterima",P37=3),"Soal baik; dapat disimpan di bank soal",TRIM(IF(F37="Sukar","Terlalu sukar. ",IF(F37="Mudah","Terlalu mudah. ",""))&IF(N37<>"Valid","Validitas rendah. ","")&IF(AND(ISNUMBER(I37),I37<0),"Daya pembeda negatif (periksa kunci). ",IF(AND(ISNUMBER(I37),I37>DP_B1),"","Daya pembeda rendah. "))&IF(P37<3,"Ada pengecoh tidak berfungsi.","")))) -> Validitas rendah. | S37: =IF(KUNCI!C37="","",KUNCI!C37) | T37: =IF($Q37="Diterima",$A37,"") | U37: =IF($Q37="Direvisi",$A37,"") -> 32 | V37: =IF($Q37="Diganti/Dibuang",$A37,"")
A38: 33 | B38: =IF(KUNCI!B38="","",UPPER(KUNCI!B38)) -> D | C38: =IF($B38="","",SUM(SKOR!$AK$6:$AK$55)) -> 18 | D38: =IF($B38="","",N_SISWA-C38) -> 13 | E38: =IF($B38="","",IFERROR(C38/N_SISWA,"")) -> 0.58064516 | F38: =IF(E38="","",IF(E38<=BATAS_SUKAR,"Sukar",IF(E38<=BATAS_MUDAH,"Sedang","Mudah"))) -> Sedang | G38: =IF($B38="","",SUMIFS(SKOR!$AK$6:$AK$55,SKOR!$AW$6:$AW$55,"<="&N_GRUP)) -> 5 | H38: =IF($B38="","",SUMIFS(SKOR!$AK$6:$AK$55,SKOR!$AW$6:$AW$55,">"&(N_SISWA-N_GRUP))) -> 3 | I38: =IF($B38="","",IFERROR((G38-H38)/N_GRUP,"")) -> 0.25 | J38: =IF(I38="","",IF(I38<0,"Sangat jelek",IF(I38<=DP_B1,"Jelek",IF(I38<=DP_B2,"Cukup",IF(I38<=DP_B3,"Baik","Baik sekali"))))) -> Cukup | K38: =IF(OR($B38="",C38=0),"",SUMIFS(SKOR!$AS$6:$AS$55,SKOR!$AK$6:$AK$55,1)/C38) -> 24.833333 | L38: =IF(K38="","",IFERROR((K38-MEAN_SKOR)/SD_SKOR*SQRT(E38/(1-E38)),"")) -> 0.18657587 | M38: =IF($B38="","",R_TABEL) -> 0.35504589 | N38: =IF($B38="","",IF(L38="","Tidak valid",IF(L38>M38,"Valid","Tidak valid"))) -> Tidak valid | O38: =IF($B38="","",E38*(1-E38)) -> 0.24349636 | P38: =IF($B38="","",PENGECOH!T38) -> 3 | Q38: =IF($B38="","",IF(AND(ISNUMBER(I38),I38<0),"Diganti/Dibuang",IF((N38="Valid")+AND(ISNUMBER(I38),I38>DP_B1)+(F38="Sedang")=3,"Diterima",IF((N38="Valid")+AND(ISNUMBER(I38),I38>DP_B1)+(F38="Sedang")=2,"Direvisi","Diganti/Dibuang")))) -> Direvisi | R38: =IF($B38="","",IF(AND(Q38="Diterima",P38=3),"Soal baik; dapat disimpan di bank soal",TRIM(IF(F38="Sukar","Terlalu sukar. ",IF(F38="Mudah","Terlalu mudah. ",""))&IF(N38<>"Valid","Validitas rendah. ","")&IF(AND(ISNUMBER(I38),I38<0),"Daya pembeda negatif (periksa kunci). ",IF(AND(ISNUMBER(I38),I38>DP_B1),"","Daya pembeda rendah. "))&IF(P38<3,"Ada pengecoh tidak berfungsi.","")))) -> Validitas rendah. | S38: =IF(KUNCI!C38="","",KUNCI!C38) | T38: =IF($Q38="Diterima",$A38,"") | U38: =IF($Q38="Direvisi",$A38,"") -> 33 | V38: =IF($Q38="Diganti/Dibuang",$A38,"")
A39: 34 | B39: =IF(KUNCI!B39="","",UPPER(KUNCI!B39)) -> B | C39: =IF($B39="","",SUM(SKOR!$AL$6:$AL$55)) -> 20 | D39: =IF($B39="","",N_SISWA-C39) -> 11 | E39: =IF($B39="","",IFERROR(C39/N_SISWA,"")) -> 0.64516129 | F39: =IF(E39="","",IF(E39<=BATAS_SUKAR,"Sukar",IF(E39<=BATAS_MUDAH,"Sedang","Mudah"))) -> Sedang | G39: =IF($B39="","",SUMIFS(SKOR!$AL$6:$AL$55,SKOR!$AW$6:$AW$55,"<="&N_GRUP)) -> 6 | H39: =IF($B39="","",SUMIFS(SKOR!$AL$6:$AL$55,SKOR!$AW$6:$AW$55,">"&(N_SISWA-N_GRUP))) -> 2 | I39: =IF($B39="","",IFERROR((G39-H39)/N_GRUP,"")) -> 0.5 | J39: =IF(I39="","",IF(I39<0,"Sangat jelek",IF(I39<=DP_B1,"Jelek",IF(I39<=DP_B2,"Cukup",IF(I39<=DP_B3,"Baik","Baik sekali"))))) -> Baik | K39: =IF(OR($B39="",C39=0),"",SUMIFS(SKOR!$AS$6:$AS$55,SKOR!$AL$6:$AL$55,1)/C39) -> 25.1 | L39: =IF(K39="","",IFERROR((K39-MEAN_SKOR)/SD_SKOR*SQRT(E39/(1-E39)),"")) -> 0.27509874 | M39: =IF($B39="","",R_TABEL) -> 0.35504589 | N39: =IF($B39="","",IF(L39="","Tidak valid",IF(L39>M39,"Valid","Tidak valid"))) -> Tidak valid | O39: =IF($B39="","",E39*(1-E39)) -> 0.2289282 | P39: =IF($B39="","",PENGECOH!T39) -> 3 | Q39: =IF($B39="","",IF(AND(ISNUMBER(I39),I39<0),"Diganti/Dibuang",IF((N39="Valid")+AND(ISNUMBER(I39),I39>DP_B1)+(F39="Sedang")=3,"Diterima",IF((N39="Valid")+AND(ISNUMBER(I39),I39>DP_B1)+(F39="Sedang")=2,"Direvisi","Diganti/Dibuang")))) -> Direvisi | R39: =IF($B39="","",IF(AND(Q39="Diterima",P39=3),"Soal baik; dapat disimpan di bank soal",TRIM(IF(F39="Sukar","Terlalu sukar. ",IF(F39="Mudah","Terlalu mudah. ",""))&IF(N39<>"Valid","Validitas rendah. ","")&IF(AND(ISNUMBER(I39),I39<0),"Daya pembeda negatif (periksa kunci). ",IF(AND(ISNUMBER(I39),I39>DP_B1),"","Daya pembeda rendah. "))&IF(P39<3,"Ada pengecoh tidak berfungsi.","")))) -> Validitas rendah. | S39: =IF(KUNCI!C39="","",KUNCI!C39) | T39: =IF($Q39="Diterima",$A39,"") | U39: =IF($Q39="Direvisi",$A39,"") -> 34 | V39: =IF($Q39="Diganti/Dibuang",$A39,"")
A40: 35 | B40: =IF(KUNCI!B40="","",UPPER(KUNCI!B40)) -> A | C40: =IF($B40="","",SUM(SKOR!$AM$6:$AM$55)) -> 20 | D40: =IF($B40="","",N_SISWA-C40) -> 11 | E40: =IF($B40="","",IFERROR(C40/N_SISWA,"")) -> 0.64516129 | F40: =IF(E40="","",IF(E40<=BATAS_SUKAR,"Sukar",IF(E40<=BATAS_MUDAH,"Sedang","Mudah"))) -> Sedang | G40: =IF($B40="","",SUMIFS(SKOR!$AM$6:$AM$55,SKOR!$AW$6:$AW$55,"<="&N_GRUP)) -> 8 | H40: =IF($B40="","",SUMIFS(SKOR!$AM$6:$AM$55,SKOR!$AW$6:$AW$55,">"&(N_SISWA-N_GRUP))) -> 3 | I40: =IF($B40="","",IFERROR((G40-H40)/N_GRUP,"")) -> 0.625 | J40: =IF(I40="","",IF(I40<0,"Sangat jelek",IF(I40<=DP_B1,"Jelek",IF(I40<=DP_B2,"Cukup",IF(I40<=DP_B3,"Baik","Baik sekali"))))) -> Baik | K40: =IF(OR($B40="",C40=0),"",SUMIFS(SKOR!$AS$6:$AS$55,SKOR!$AM$6:$AM$55,1)/C40) -> 26.05 | L40: =IF(K40="","",IFERROR((K40-MEAN_SKOR)/SD_SKOR*SQRT(E40/(1-E40)),"")) -> 0.49347227 | M40: =IF($B40="","",R_TABEL) -> 0.35504589 | N40: =IF($B40="","",IF(L40="","Tidak valid",IF(L40>M40,"Valid","Tidak valid"))) -> Valid | O40: =IF($B40="","",E40*(1-E40)) -> 0.2289282 | P40: =IF($B40="","",PENGECOH!T40) -> 3 | Q40: =IF($B40="","",IF(AND(ISNUMBER(I40),I40<0),"Diganti/Dibuang",IF((N40="Valid")+AND(ISNUMBER(I40),I40>DP_B1)+(F40="Sedang")=3,"Diterima",IF((N40="Valid")+AND(ISNUMBER(I40),I40>DP_B1)+(F40="Sedang")=2,"Direvisi","Diganti/Dibuang")))) -> Diterima | R40: =IF($B40="","",IF(AND(Q40="Diterima",P40=3),"Soal baik; dapat disimpan di bank soal",TRIM(IF(F40="Sukar","Terlalu sukar. ",IF(F40="Mudah","Terlalu mudah. ",""))&IF(N40<>"Valid","Validitas rendah. ","")&IF(AND(ISNUMBER(I40),I40<0),"Daya pembeda negatif (periksa kunci). ",IF(AND(ISNUMBER(I40),I40>DP_B1),"","Daya pembeda rendah. "))&IF(P40<3,"Ada pengecoh tidak berfungsi.","")))) -> Soal baik; dapat disimpan di bank soal | S40: =IF(KUNCI!C40="","",KUNCI!C40) | T40: =IF($Q40="Diterima",$A40,"") -> 35 | U40: =IF($Q40="Direvisi",$A40,"") | V40: =IF($Q40="Diganti/Dibuang",$A40,"")
A41: 36 | B41: =IF(KUNCI!B41="","",UPPER(KUNCI!B41)) -> B | C41: =IF($B41="","",SUM(SKOR!$AN$6:$AN$55)) -> 19 | D41: =IF($B41="","",N_SISWA-C41) -> 12 | E41: =IF($B41="","",IFERROR(C41/N_SISWA,"")) -> 0.61290323 | F41: =IF(E41="","",IF(E41<=BATAS_SUKAR,"Sukar",IF(E41<=BATAS_MUDAH,"Sedang","Mudah"))) -> Sedang | G41: =IF($B41="","",SUMIFS(SKOR!$AN$6:$AN$55,SKOR!$AW$6:$AW$55,"<="&N_GRUP)) -> 7 | H41: =IF($B41="","",SUMIFS(SKOR!$AN$6:$AN$55,SKOR!$AW$6:$AW$55,">"&(N_SISWA-N_GRUP))) -> 4 | I41: =IF($B41="","",IFERROR((G41-H41)/N_GRUP,"")) -> 0.375 | J41: =IF(I41="","",IF(I41<0,"Sangat jelek",IF(I41<=DP_B1,"Jelek",IF(I41<=DP_B2,"Cukup",IF(I41<=DP_B3,"Baik","Baik sekali"))))) -> Cukup | K41: =IF(OR($B41="",C41=0),"",SUMIFS(SKOR!$AS$6:$AS$55,SKOR!$AN$6:$AN$55,1)/C41) -> 25.473684 | L41: =IF(K41="","",IFERROR((K41-MEAN_SKOR)/SD_SKOR*SQRT(E41/(1-E41)),"")) -> 0.33687621 | M41: =IF($B41="","",R_TABEL) -> 0.35504589 | N41: =IF($B41="","",IF(L41="","Tidak valid",IF(L41>M41,"Valid","Tidak valid"))) -> Tidak valid | O41: =IF($B41="","",E41*(1-E41)) -> 0.23725286 | P41: =IF($B41="","",PENGECOH!T41) -> 3 | Q41: =IF($B41="","",IF(AND(ISNUMBER(I41),I41<0),"Diganti/Dibuang",IF((N41="Valid")+AND(ISNUMBER(I41),I41>DP_B1)+(F41="Sedang")=3,"Diterima",IF((N41="Valid")+AND(ISNUMBER(I41),I41>DP_B1)+(F41="Sedang")=2,"Direvisi","Diganti/Dibuang")))) -> Direvisi | R41: =IF($B41="","",IF(AND(Q41="Diterima",P41=3),"Soal baik; dapat disimpan di bank soal",TRIM(IF(F41="Sukar","Terlalu sukar. ",IF(F41="Mudah","Terlalu mudah. ",""))&IF(N41<>"Valid","Validitas rendah. ","")&IF(AND(ISNUMBER(I41),I41<0),"Daya pembeda negatif (periksa kunci). ",IF(AND(ISNUMBER(I41),I41>DP_B1),"","Daya pembeda rendah. "))&IF(P41<3,"Ada pengecoh tidak berfungsi.","")))) -> Validitas rendah. | S41: =IF(KUNCI!C41="","",KUNCI!C41) | T41: =IF($Q41="Diterima",$A41,"") | U41: =IF($Q41="Direvisi",$A41,"") -> 36 | V41: =IF($Q41="Diganti/Dibuang",$A41,"")
A42: 37 | B42: =IF(KUNCI!B42="","",UPPER(KUNCI!B42)) -> B | C42: =IF($B42="","",SUM(SKOR!$AO$6:$AO$55)) -> 16 | D42: =IF($B42="","",N_SISWA-C42) -> 15 | E42: =IF($B42="","",IFERROR(C42/N_SISWA,"")) -> 0.51612903 | F42: =IF(E42="","",IF(E42<=BATAS_SUKAR,"Sukar",IF(E42<=BATAS_MUDAH,"Sedang","Mudah"))) -> Sedang | G42: =IF($B42="","",SUMIFS(SKOR!$AO$6:$AO$55,SKOR!$AW$6:$AW$55,"<="&N_GRUP)) -> 8 | H42: =IF($B42="","",SUMIFS(SKOR!$AO$6:$AO$55,SKOR!$AW$6:$AW$55,">"&(N_SISWA-N_GRUP))) -> 4 | I42: =IF($B42="","",IFERROR((G42-H42)/N_GRUP,"")) -> 0.5 | J42: =IF(I42="","",IF(I42<0,"Sangat jelek",IF(I42<=DP_B1,"Jelek",IF(I42<=DP_B2,"Cukup",IF(I42<=DP_B3,"Baik","Baik sekali"))))) -> Baik | K42: =IF(OR($B42="",C42=0),"",SUMIFS(SKOR!$AS$6:$AS$55,SKOR!$AO$6:$AO$55,1)/C42) -> 26.0625 | L42: =IF(K42="","",IFERROR((K42-MEAN_SKOR)/SD_SKOR*SQRT(E42/(1-E42)),"")) -> 0.38017179 | M42: =IF($B42="","",R_TABEL) -> 0.35504589 | N42: =IF($B42="","",IF(L42="","Tidak valid",IF(L42>M42,"Valid","Tidak valid"))) -> Valid | O42: =IF($B42="","",E42*(1-E42)) -> 0.24973985 | P42: =IF($B42="","",PENGECOH!T42) -> 3 | Q42: =IF($B42="","",IF(AND(ISNUMBER(I42),I42<0),"Diganti/Dibuang",IF((N42="Valid")+AND(ISNUMBER(I42),I42>DP_B1)+(F42="Sedang")=3,"Diterima",IF((N42="Valid")+AND(ISNUMBER(I42),I42>DP_B1)+(F42="Sedang")=2,"Direvisi","Diganti/Dibuang")))) -> Diterima | R42: =IF($B42="","",IF(AND(Q42="Diterima",P42=3),"Soal baik; dapat disimpan di bank soal",TRIM(IF(F42="Sukar","Terlalu sukar. ",IF(F42="Mudah","Terlalu mudah. ",""))&IF(N42<>"Valid","Validitas rendah. ","")&IF(AND(ISNUMBER(I42),I42<0),"Daya pembeda negatif (periksa kunci). ",IF(AND(ISNUMBER(I42),I42>DP_B1),"","Daya pembeda rendah. "))&IF(P42<3,"Ada pengecoh tidak berfungsi.","")))) -> Soal baik; dapat disimpan di bank soal | S42: =IF(KUNCI!C42="","",KUNCI!C42) | T42: =IF($Q42="Diterima",$A42,"") -> 37 | U42: =IF($Q42="Direvisi",$A42,"") | V42: =IF($Q42="Diganti/Dibuang",$A42,"")
A43: 38 | B43: =IF(KUNCI!B43="","",UPPER(KUNCI!B43)) -> B | C43: =IF($B43="","",SUM(SKOR!$AP$6:$AP$55)) -> 19 | D43: =IF($B43="","",N_SISWA-C43) -> 12 | E43: =IF($B43="","",IFERROR(C43/N_SISWA,"")) -> 0.61290323 | F43: =IF(E43="","",IF(E43<=BATAS_SUKAR,"Sukar",IF(E43<=BATAS_MUDAH,"Sedang","Mudah"))) -> Sedang | G43: =IF($B43="","",SUMIFS(SKOR!$AP$6:$AP$55,SKOR!$AW$6:$AW$55,"<="&N_GRUP)) -> 6 | H43: =IF($B43="","",SUMIFS(SKOR!$AP$6:$AP$55,SKOR!$AW$6:$AW$55,">"&(N_SISWA-N_GRUP))) -> 3 | I43: =IF($B43="","",IFERROR((G43-H43)/N_GRUP,"")) -> 0.375 | J43: =IF(I43="","",IF(I43<0,"Sangat jelek",IF(I43<=DP_B1,"Jelek",IF(I43<=DP_B2,"Cukup",IF(I43<=DP_B3,"Baik","Baik sekali"))))) -> Cukup | K43: =IF(OR($B43="",C43=0),"",SUMIFS(SKOR!$AS$6:$AS$55,SKOR!$AP$6:$AP$55,1)/C43) -> 25.263158 | L43: =IF(K43="","",IFERROR((K43-MEAN_SKOR)/SD_SKOR*SQRT(E43/(1-E43)),"")) -> 0.29171659 | M43: =IF($B43="","",R_TABEL) -> 0.35504589 | N43: =IF($B43="","",IF(L43="","Tidak valid",IF(L43>M43,"Valid","Tidak valid"))) -> Tidak valid | O43: =IF($B43="","",E43*(1-E43)) -> 0.23725286 | P43: =IF($B43="","",PENGECOH!T43) -> 3 | Q43: =IF($B43="","",IF(AND(ISNUMBER(I43),I43<0),"Diganti/Dibuang",IF((N43="Valid")+AND(ISNUMBER(I43),I43>DP_B1)+(F43="Sedang")=3,"Diterima",IF((N43="Valid")+AND(ISNUMBER(I43),I43>DP_B1)+(F43="Sedang")=2,"Direvisi","Diganti/Dibuang")))) -> Direvisi | R43: =IF($B43="","",IF(AND(Q43="Diterima",P43=3),"Soal baik; dapat disimpan di bank soal",TRIM(IF(F43="Sukar","Terlalu sukar. ",IF(F43="Mudah","Terlalu mudah. ",""))&IF(N43<>"Valid","Validitas rendah. ","")&IF(AND(ISNUMBER(I43),I43<0),"Daya pembeda negatif (periksa kunci). ",IF(AND(ISNUMBER(I43),I43>DP_B1),"","Daya pembeda rendah. "))&IF(P43<3,"Ada pengecoh tidak berfungsi.","")))) -> Validitas rendah. | S43: =IF(KUNCI!C43="","",KUNCI!C43) | T43: =IF($Q43="Diterima",$A43,"") | U43: =IF($Q43="Direvisi",$A43,"") -> 38 | V43: =IF($Q43="Diganti/Dibuang",$A43,"")
A44: 39 | B44: =IF(KUNCI!B44="","",UPPER(KUNCI!B44)) -> D | C44: =IF($B44="","",SUM(SKOR!$AQ$6:$AQ$55)) -> 17 | D44: =IF($B44="","",N_SISWA-C44) -> 14 | E44: =IF($B44="","",IFERROR(C44/N_SISWA,"")) -> 0.5483871 | F44: =IF(E44="","",IF(E44<=BATAS_SUKAR,"Sukar",IF(E44<=BATAS_MUDAH,"Sedang","Mudah"))) -> Sedang | G44: =IF($B44="","",SUMIFS(SKOR!$AQ$6:$AQ$55,SKOR!$AW$6:$AW$55,"<="&N_GRUP)) -> 5 | H44: =IF($B44="","",SUMIFS(SKOR!$AQ$6:$AQ$55,SKOR!$AW$6:$AW$55,">"&(N_SISWA-N_GRUP))) -> 5 | I44: =IF($B44="","",IFERROR((G44-H44)/N_GRUP,"")) -> 0 | J44: =IF(I44="","",IF(I44<0,"Sangat jelek",IF(I44<=DP_B1,"Jelek",IF(I44<=DP_B2,"Cukup",IF(I44<=DP_B3,"Baik","Baik sekali"))))) -> Jelek | K44: =IF(OR($B44="",C44=0),"",SUMIFS(SKOR!$AS$6:$AS$55,SKOR!$AQ$6:$AQ$55,1)/C44) -> 23.411765 | L44: =IF(K44="","",IFERROR((K44-MEAN_SKOR)/SD_SKOR*SQRT(E44/(1-E44)),"")) -> -0.09232245 | M44: =IF($B44="","",R_TABEL) -> 0.35504589 | N44: =IF($B44="","",IF(L44="","Tidak valid",IF(L44>M44,"Valid","Tidak valid"))) -> Tidak valid | O44: =IF($B44="","",E44*(1-E44)) -> 0.24765869 | P44: =IF($B44="","",PENGECOH!T44) -> 3 | Q44: =IF($B44="","",IF(AND(ISNUMBER(I44),I44<0),"Diganti/Dibuang",IF((N44="Valid")+AND(ISNUMBER(I44),I44>DP_B1)+(F44="Sedang")=3,"Diterima",IF((N44="Valid")+AND(ISNUMBER(I44),I44>DP_B1)+(F44="Sedang")=2,"Direvisi","Diganti/Dibuang")))) -> Diganti/Dibuang | R44: =IF($B44="","",IF(AND(Q44="Diterima",P44=3),"Soal baik; dapat disimpan di bank soal",TRIM(IF(F44="Sukar","Terlalu sukar. ",IF(F44="Mudah","Terlalu mudah. ",""))&IF(N44<>"Valid","Validitas rendah. ","")&IF(AND(ISNUMBER(I44),I44<0),"Daya pembeda negatif (periksa kunci). ",IF(AND(ISNUMBER(I44),I44>DP_B1),"","Daya pembeda rendah. "))&IF(P44<3,"Ada pengecoh tidak berfungsi.","")))) -> Validitas rendah. Daya pembeda rendah. | S44: =IF(KUNCI!C44="","",KUNCI!C44) | T44: =IF($Q44="Diterima",$A44,"") | U44: =IF($Q44="Direvisi",$A44,"") | V44: =IF($Q44="Diganti/Dibuang",$A44,"") -> 39
A45: 40 | B45: =IF(KUNCI!B45="","",UPPER(KUNCI!B45)) -> C | C45: =IF($B45="","",SUM(SKOR!$AR$6:$AR$55)) -> 22 | D45: =IF($B45="","",N_SISWA-C45) -> 9 | E45: =IF($B45="","",IFERROR(C45/N_SISWA,"")) -> 0.70967742 | F45: =IF(E45="","",IF(E45<=BATAS_SUKAR,"Sukar",IF(E45<=BATAS_MUDAH,"Sedang","Mudah"))) -> Mudah | G45: =IF($B45="","",SUMIFS(SKOR!$AR$6:$AR$55,SKOR!$AW$6:$AW$55,"<="&N_GRUP)) -> 7 | H45: =IF($B45="","",SUMIFS(SKOR!$AR$6:$AR$55,SKOR!$AW$6:$AW$55,">"&(N_SISWA-N_GRUP))) -> 3 | I45: =IF($B45="","",IFERROR((G45-H45)/N_GRUP,"")) -> 0.5 | J45: =IF(I45="","",IF(I45<0,"Sangat jelek",IF(I45<=DP_B1,"Jelek",IF(I45<=DP_B2,"Cukup",IF(I45<=DP_B3,"Baik","Baik sekali"))))) -> Baik | K45: =IF(OR($B45="",C45=0),"",SUMIFS(SKOR!$AS$6:$AS$55,SKOR!$AR$6:$AR$55,1)/C45) -> 25.181818 | L45: =IF(K45="","",IFERROR((K45-MEAN_SKOR)/SD_SKOR*SQRT(E45/(1-E45)),"")) -> 0.34078457 | M45: =IF($B45="","",R_TABEL) -> 0.35504589 | N45: =IF($B45="","",IF(L45="","Tidak valid",IF(L45>M45,"Valid","Tidak valid"))) -> Tidak valid | O45: =IF($B45="","",E45*(1-E45)) -> 0.20603538 | P45: =IF($B45="","",PENGECOH!T45) -> 2 | Q45: =IF($B45="","",IF(AND(ISNUMBER(I45),I45<0),"Diganti/Dibuang",IF((N45="Valid")+AND(ISNUMBER(I45),I45>DP_B1)+(F45="Sedang")=3,"Diterima",IF((N45="Valid")+AND(ISNUMBER(I45),I45>DP_B1)+(F45="Sedang")=2,"Direvisi","Diganti/Dibuang")))) -> Diganti/Dibuang | R45: =IF($B45="","",IF(AND(Q45="Diterima",P45=3),"Soal baik; dapat disimpan di bank soal",TRIM(IF(F45="Sukar","Terlalu sukar. ",IF(F45="Mudah","Terlalu mudah. ",""))&IF(N45<>"Valid","Validitas rendah. ","")&IF(AND(ISNUMBER(I45),I45<0),"Daya pembeda negatif (periksa kunci). ",IF(AND(ISNUMBER(I45),I45>DP_B1),"","Daya pembeda rendah. "))&IF(P45<3,"Ada pengecoh tidak berfungsi.","")))) -> Terlalu mudah. Validitas rendah. Ada pengecoh tidak berfungsi. | S45: =IF(KUNCI!C45="","",KUNCI!C45) | T45: =IF($Q45="Diterima",$A45,"") | U45: =IF($Q45="Direvisi",$A45,"") | V45: =IF($Q45="Diganti/Dibuang",$A45,"") -> 40
A46: Rata-rata | E46: =IFERROR(AVERAGE(E6:E45),"") -> 0.59758065 | I46: =IFERROR(AVERAGE(I6:I45),"") -> 0.36875 | L46: =IFERROR(AVERAGE(L6:L45),"") -> 0.30370503

Sheet PENGECOH
A1: ANALISIS EFEKTIVITAS PENGECOH (DISTRAKTOR)
A2: =UPPER(NAMA_MADRASAH)&" | TAHUN PELAJARAN "&TAHUN_AJAR -> MTSN 3 SUBANG | TAHUN PELAJARAN 2025-2026
A3: =MAPEL&" | Kelas "&KELAS&" | Semester "&SEMESTER&" | "&JENIS_TES -> Bahasa Indonesia | Kelas IX G | Semester Ganjil | Penilaian Akhir Semester
A4: Hijau = kunci jawaban; merah = pengecoh tidak berfungsi (dipilih kurang dari batas pada IDENTITAS).
A5: No | B5: Kunci | C5: Jml A | D5: % A | E5: Atas A | F5: Bawah A | G5: Jml B | H5: % B | I5: Atas B | J5: Bawah B | K5: Jml C | L5: % C | M5: Atas C | N5: Bawah C | O5: Jml D | P5: % D | Q5: Atas D | R5: Bawah D | S5: Tidak Menjawab | T5: Pengecoh Berfungsi (dari 3) | U5: Pengecoh Tidak Berfungsi
A6: 1 | B6: =ANALISIS!B6 -> A | C6: =IF($B6="","",COUNTIFS(JAWABAN!$E$6:$E$55,"A",SKOR!$AS$6:$AS$55,">=0")) -> 17 | D6: =IF($B6="","",IFERROR(C6/N_SISWA,0)) -> 0.5483871 | E6: =IF($B6="","",COUNTIFS(JAWABAN!$E$6:$E$55,"A",SKOR!$AW$6:$AW$55,"<="&N_GRUP)) -> 4 | F6: =IF($B6="","",COUNTIFS(JAWABAN!$E$6:$E$55,"A",SKOR!$AW$6:$AW$55,">"&(N_SISWA-N_GRUP))) -> 4 | G6: =IF($B6="","",COUNTIFS(JAWABAN!$E$6:$E$55,"B",SKOR!$AS$6:$AS$55,">=0")) -> 5 | H6: =IF($B6="","",IFERROR(G6/N_SISWA,0)) -> 0.16129032 | I6: =IF($B6="","",COUNTIFS(JAWABAN!$E$6:$E$55,"B",SKOR!$AW$6:$AW$55,"<="&N_GRUP)) -> 3 | J6: =IF($B6="","",COUNTIFS(JAWABAN!$E$6:$E$55,"B",SKOR!$AW$6:$AW$55,">"&(N_SISWA-N_GRUP))) -> 2 | K6: =IF($B6="","",COUNTIFS(JAWABAN!$E$6:$E$55,"C",SKOR!$AS$6:$AS$55,">=0")) -> 4 | L6: =IF($B6="","",IFERROR(K6/N_SISWA,0)) -> 0.12903226 | M6: =IF($B6="","",COUNTIFS(JAWABAN!$E$6:$E$55,"C",SKOR!$AW$6:$AW$55,"<="&N_GRUP)) -> 1 | N6: =IF($B6="","",COUNTIFS(JAWABAN!$E$6:$E$55,"C",SKOR!$AW$6:$AW$55,">"&(N_SISWA-N_GRUP))) -> 1 | O6: =IF($B6="","",COUNTIFS(JAWABAN!$E$6:$E$55,"D",SKOR!$AS$6:$AS$55,">=0")) -> 3 | P6: =IF($B6="","",IFERROR(O6/N_SISWA,0)) -> 0.096774194 | Q6: =IF($B6="","",COUNTIFS(JAWABAN!$E$6:$E$55,"D",SKOR!$AW$6:$AW$55,"<="&N_GRUP)) -> 0 | R6: =IF($B6="","",COUNTIFS(JAWABAN!$E$6:$E$55,"D",SKOR!$AW$6:$AW$55,">"&(N_SISWA-N_GRUP))) -> 0 | S6: =IF($B6="","",N_SISWA-(C6+G6+K6+O6)) -> 2 | T6: =IF($B6="","",($B6<>"A")*(D6>=PERSEN_PENGECOH)+($B6<>"B")*(H6>=PERSEN_PENGECOH)+($B6<>"C")*(L6>=PERSEN_PENGECOH)+($B6<>"D")*(P6>=PERSEN_PENGECOH)) -> 3 | U6: =IF($B6="","",IF(T6=3,"-",TRIM(IF(AND($B6<>"A",D6<PERSEN_PENGECOH),"A ","")&IF(AND($B6<>"B",H6<PERSEN_PENGECOH),"B ","")&IF(AND($B6<>"C",L6<PERSEN_PENGECOH),"C ","")&IF(AND($B6<>"D",P6<PERSEN_PENGECOH),"D ","")))) -> -
A7: 2 | B7: =ANALISIS!B7 -> D | C7: =IF($B7="","",COUNTIFS(JAWABAN!$F$6:$F$55,"A",SKOR!$AS$6:$AS$55,">=0")) -> 4 | D7: =IF($B7="","",IFERROR(C7/N_SISWA,0)) -> 0.12903226 | E7: =IF($B7="","",COUNTIFS(JAWABAN!$F$6:$F$55,"A",SKOR!$AW$6:$AW$55,"<="&N_GRUP)) -> 0 | F7: =IF($B7="","",COUNTIFS(JAWABAN!$F$6:$F$55,"A",SKOR!$AW$6:$AW$55,">"&(N_SISWA-N_GRUP))) -> 0 | G7: =IF($B7="","",COUNTIFS(JAWABAN!$F$6:$F$55,"B",SKOR!$AS$6:$AS$55,">=0")) -> 2 | H7: =IF($B7="","",IFERROR(G7/N_SISWA,0)) -> 0.064516129 | I7: =IF($B7="","",COUNTIFS(JAWABAN!$F$6:$F$55,"B",SKOR!$AW$6:$AW$55,"<="&N_GRUP)) -> 0 | J7: =IF($B7="","",COUNTIFS(JAWABAN!$F$6:$F$55,"B",SKOR!$AW$6:$AW$55,">"&(N_SISWA-N_GRUP))) -> 2 | K7: =IF($B7="","",COUNTIFS(JAWABAN!$F$6:$F$55,"C",SKOR!$AS$6:$AS$55,">=0")) -> 4 | L7: =IF($B7="","",IFERROR(K7/N_SISWA,0)) -> 0.12903226 | M7: =IF($B7="","",COUNTIFS(JAWABAN!$F$6:$F$55,"C",SKOR!$AW$6:$AW$55,"<="&N_GRUP)) -> 1 | N7: =IF($B7="","",COUNTIFS(JAWABAN!$F$6:$F$55,"C",SKOR!$AW$6:$AW$55,">"&(N_SISWA-N_GRUP))) -> 2 | O7: =IF($B7="","",COUNTIFS(JAWABAN!$F$6:$F$55,"D",SKOR!$AS$6:$AS$55,">=0")) -> 21 | P7: =IF($B7="","",IFERROR(O7/N_SISWA,0)) -> 0.67741935 | Q7: =IF($B7="","",COUNTIFS(JAWABAN!$F$6:$F$55,"D",SKOR!$AW$6:$AW$55,"<="&N_GRUP)) -> 7 | R7: =IF($B7="","",COUNTIFS(JAWABAN!$F$6:$F$55,"D",SKOR!$AW$6:$AW$55,">"&(N_SISWA-N_GRUP))) -> 4 | S7: =IF($B7="","",N_SISWA-(C7+G7+K7+O7)) -> 0 | T7: =IF($B7="","",($B7<>"A")*(D7>=PERSEN_PENGECOH)+($B7<>"B")*(H7>=PERSEN_PENGECOH)+($B7<>"C")*(L7>=PERSEN_PENGECOH)+($B7<>"D")*(P7>=PERSEN_PENGECOH)) -> 3 | U7: =IF($B7="","",IF(T7=3,"-",TRIM(IF(AND($B7<>"A",D7<PERSEN_PENGECOH),"A ","")&IF(AND($B7<>"B",H7<PERSEN_PENGECOH),"B ","")&IF(AND($B7<>"C",L7<PERSEN_PENGECOH),"C ","")&IF(AND($B7<>"D",P7<PERSEN_PENGECOH),"D ","")))) -> -
A8: 3 | B8: =ANALISIS!B8 -> B | C8: =IF($B8="","",COUNTIFS(JAWABAN!$G$6:$G$55,"A",SKOR!$AS$6:$AS$55,">=0")) -> 3 | D8: =IF($B8="","",IFERROR(C8/N_SISWA,0)) -> 0.096774194 | E8: =IF($B8="","",COUNTIFS(JAWABAN!$G$6:$G$55,"A",SKOR!$AW$6:$AW$55,"<="&N_GRUP)) -> 0 | F8: =IF($B8="","",COUNTIFS(JAWABAN!$G$6:$G$55,"A",SKOR!$AW$6:$AW$55,">"&(N_SISWA-N_GRUP))) -> 1 | G8: =IF($B8="","",COUNTIFS(JAWABAN!$G$6:$G$55,"B",SKOR!$AS$6:$AS$55,">=0")) -> 18 | H8: =IF($B8="","",IFERROR(G8/N_SISWA,0)) -> 0.58064516 | I8: =IF($B8="","",COUNTIFS(JAWABAN!$G$6:$G$55,"B",SKOR!$AW$6:$AW$55,"<="&N_GRUP)) -> 4 | J8: =IF($B8="","",COUNTIFS(JAWABAN!$G$6:$G$55,"B",SKOR!$AW$6:$AW$55,">"&(N_SISWA-N_GRUP))) -> 4 | K8: =IF($B8="","",COUNTIFS(JAWABAN!$G$6:$G$55,"C",SKOR!$AS$6:$AS$55,">=0")) -> 4 | L8: =IF($B8="","",IFERROR(K8/N_SISWA,0)) -> 0.12903226 | M8: =IF($B8="","",COUNTIFS(JAWABAN!$G$6:$G$55,"C",SKOR!$AW$6:$AW$55,"<="&N_GRUP)) -> 1 | N8: =IF($B8="","",COUNTIFS(JAWABAN!$G$6:$G$55,"C",SKOR!$AW$6:$AW$55,">"&(N_SISWA-N_GRUP))) -> 2 | O8: =IF($B8="","",COUNTIFS(JAWABAN!$G$6:$G$55,"D",SKOR!$AS$6:$AS$55,">=0")) -> 4 | P8: =IF($B8="","",IFERROR(O8/N_SISWA,0)) -> 0.12903226 | Q8: =IF($B8="","",COUNTIFS(JAWABAN!$G$6:$G$55,"D",SKOR!$AW$6:$AW$55,"<="&N_GRUP)) -> 3 | R8: =IF($B8="","",COUNTIFS(JAWABAN!$G$6:$G$55,"D",SKOR!$AW$6:$AW$55,">"&(N_SISWA-N_GRUP))) -> 0 | S8: =IF($B8="","",N_SISWA-(C8+G8+K8+O8)) -> 2 | T8: =IF($B8="","",($B8<>"A")*(D8>=PERSEN_PENGECOH)+($B8<>"B")*(H8>=PERSEN_PENGECOH)+($B8<>"C")*(L8>=PERSEN_PENGECOH)+($B8<>"D")*(P8>=PERSEN_PENGECOH)) -> 3 | U8: =IF($B8="","",IF(T8=3,"-",TRIM(IF(AND($B8<>"A",D8<PERSEN_PENGECOH),"A ","")&IF(AND($B8<>"B",H8<PERSEN_PENGECOH),"B ","")&IF(AND($B8<>"C",L8<PERSEN_PENGECOH),"C ","")&IF(AND($B8<>"D",P8<PERSEN_PENGECOH),"D ","")))) -> -
A9: 4 | B9: =ANALISIS!B9 -> A | C9: =IF($B9="","",COUNTIFS(JAWABAN!$H$6:$H$55,"A",SKOR!$AS$6:$AS$55,">=0")) -> 22 | D9: =IF($B9="","",IFERROR(C9/N_SISWA,0)) -> 0.70967742 | E9: =IF($B9="","",COUNTIFS(JAWABAN!$H$6:$H$55,"A",SKOR!$AW$6:$AW$55,"<="&N_GRUP)) -> 7 | F9: =IF($B9="","",COUNTIFS(JAWABAN!$H$6:$H$55,"A",SKOR!$AW$6:$AW$55,">"&(N_SISWA-N_GRUP))) -> 3 | G9: =IF($B9="","",COUNTIFS(JAWABAN!$H$6:$H$55,"B",SKOR!$AS$6:$AS$55,">=0")) -> 2 | H9: =IF($B9="","",IFERROR(G9/N_SISWA,0)) -> 0.064516129 | I9: =IF($B9="","",COUNTIFS(JAWABAN!$H$6:$H$55,"B",SKOR!$AW$6:$AW$55,"<="&N_GRUP)) -> 0 | J9: =IF($B9="","",COUNTIFS(JAWABAN!$H$6:$H$55,"B",SKOR!$AW$6:$AW$55,">"&(N_SISWA-N_GRUP))) -> 1 | K9: =IF($B9="","",COUNTIFS(JAWABAN!$H$6:$H$55,"C",SKOR!$AS$6:$AS$55,">=0")) -> 3 | L9: =IF($B9="","",IFERROR(K9/N_SISWA,0)) -> 0.096774194 | M9: =IF($B9="","",COUNTIFS(JAWABAN!$H$6:$H$55,"C",SKOR!$AW$6:$AW$55,"<="&N_GRUP)) -> 0 | N9: =IF($B9="","",COUNTIFS(JAWABAN!$H$6:$H$55,"C",SKOR!$AW$6:$AW$55,">"&(N_SISWA-N_GRUP))) -> 3 | O9: =IF($B9="","",COUNTIFS(JAWABAN!$H$6:$H$55,"D",SKOR!$AS$6:$AS$55,">=0")) -> 2 | P9: =IF($B9="","",IFERROR(O9/N_SISWA,0)) -> 0.064516129 | Q9: =IF($B9="","",COUNTIFS(JAWABAN!$H$6:$H$55,"D",SKOR!$AW$6:$AW$55,"<="&N_GRUP)) -> 0 | R9: =IF($B9="","",COUNTIFS(JAWABAN!$H$6:$H$55,"D",SKOR!$AW$6:$AW$55,">"&(N_SISWA-N_GRUP))) -> 1 | S9: =IF($B9="","",N_SISWA-(C9+G9+K9+O9)) -> 2 | T9: =IF($B9="","",($B9<>"A")*(D9>=PERSEN_PENGECOH)+($B9<>"B")*(H9>=PERSEN_PENGECOH)+($B9<>"C")*(L9>=PERSEN_PENGECOH)+($B9<>"D")*(P9>=PERSEN_PENGECOH)) -> 3 | U9: =IF($B9="","",IF(T9=3,"-",TRIM(IF(AND($B9<>"A",D9<PERSEN_PENGECOH),"A ","")&IF(AND($B9<>"B",H9<PERSEN_PENGECOH),"B ","")&IF(AND($B9<>"C",L9<PERSEN_PENGECOH),"C ","")&IF(AND($B9<>"D",P9<PERSEN_PENGECOH),"D ","")))) -> -
A10: 5 | B10: =ANALISIS!B10 -> C | C10: =IF($B10="","",COUNTIFS(JAWABAN!$I$6:$I$55,"A",SKOR!$AS$6:$AS$55,">=0")) -> 5 | D10: =IF($B10="","",IFERROR(C10/N_SISWA,0)) -> 0.16129032 | E10: =IF($B10="","",COUNTIFS(JAWABAN!$I$6:$I$55,"A",SKOR!$AW$6:$AW$55,"<="&N_GRUP)) -> 1 | F10: =IF($B10="","",COUNTIFS(JAWABAN!$I$6:$I$55,"A",SKOR!$AW$6:$AW$55,">"&(N_SISWA-N_GRUP))) -> 1 | G10: =IF($B10="","",COUNTIFS(JAWABAN!$I$6:$I$55,"B",SKOR!$AS$6:$AS$55,">=0")) -> 3 | H10: =IF($B10="","",IFERROR(G10/N_SISWA,0)) -> 0.096774194 | I10: =IF($B10="","",COUNTIFS(JAWABAN!$I$6:$I$55,"B",SKOR!$AW$6:$AW$55,"<="&N_GRUP)) -> 0 | J10: =IF($B10="","",COUNTIFS(JAWABAN!$I$6:$I$55,"B",SKOR!$AW$6:$AW$55,">"&(N_SISWA-N_GRUP))) -> 2 | K10: =IF($B10="","",COUNTIFS(JAWABAN!$I$6:$I$55,"C",SKOR!$AS$6:$AS$55,">=0")) -> 17 | L10: =IF($B10="","",IFERROR(K10/N_SISWA,0)) -> 0.5483871 | M10: =IF($B10="","",COUNTIFS(JAWABAN!$I$6:$I$55,"C",SKOR!$AW$6:$AW$55,"<="&N_GRUP)) -> 6 | N10: =IF($B10="","",COUNTIFS(JAWABAN!$I$6:$I$55,"C",SKOR!$AW$6:$AW$55,">"&(N_SISWA-N_GRUP))) -> 4 | O10: =IF($B10="","",COUNTIFS(JAWABAN!$I$6:$I$55,"D",SKOR!$AS$6:$AS$55,">=0")) -> 4 | P10: =IF($B10="","",IFERROR(O10/N_SISWA,0)) -> 0.12903226 | Q10: =IF($B10="","",COUNTIFS(JAWABAN!$I$6:$I$55,"D",SKOR!$AW$6:$AW$55,"<="&N_GRUP)) -> 0 | R10: =IF($B10="","",COUNTIFS(JAWABAN!$I$6:$I$55,"D",SKOR!$AW$6:$AW$55,">"&(N_SISWA-N_GRUP))) -> 1 | S10: =IF($B10="","",N_SISWA-(C10+G10+K10+O10)) -> 2 | T10: =IF($B10="","",($B10<>"A")*(D10>=PERSEN_PENGECOH)+($B10<>"B")*(H10>=PERSEN_PENGECOH)+($B10<>"C")*(L10>=PERSEN_PENGECOH)+($B10<>"D")*(P10>=PERSEN_PENGECOH)) -> 3 | U10: =IF($B10="","",IF(T10=3,"-",TRIM(IF(AND($B10<>"A",D10<PERSEN_PENGECOH),"A ","")&IF(AND($B10<>"B",H10<PERSEN_PENGECOH),"B ","")&IF(AND($B10<>"C",L10<PERSEN_PENGECOH),"C ","")&IF(AND($B10<>"D",P10<PERSEN_PENGECOH),"D ","")))) -> -
A11: 6 | B11: =ANALISIS!B11 -> C | C11: =IF($B11="","",COUNTIFS(JAWABAN!$J$6:$J$55,"A",SKOR!$AS$6:$AS$55,">=0")) -> 3 | D11: =IF($B11="","",IFERROR(C11/N_SISWA,0)) -> 0.096774194 | E11: =IF($B11="","",COUNTIFS(JAWABAN!$J$6:$J$55,"A",SKOR!$AW$6:$AW$55,"<="&N_GRUP)) -> 0 | F11: =IF($B11="","",COUNTIFS(JAWABAN!$J$6:$J$55,"A",SKOR!$AW$6:$AW$55,">"&(N_SISWA-N_GRUP))) -> 2 | G11: =IF($B11="","",COUNTIFS(JAWABAN!$J$6:$J$55,"B",SKOR!$AS$6:$AS$55,">=0")) -> 6 | H11: =IF($B11="","",IFERROR(G11/N_SISWA,0)) -> 0.19354839 | I11: =IF($B11="","",COUNTIFS(JAWABAN!$J$6:$J$55,"B",SKOR!$AW$6:$AW$55,"<="&N_GRUP)) -> 2 | J11: =IF($B11="","",COUNTIFS(JAWABAN!$J$6:$J$55,"B",SKOR!$AW$6:$AW$55,">"&(N_SISWA-N_GRUP))) -> 1 | K11: =IF($B11="","",COUNTIFS(JAWABAN!$J$6:$J$55,"C",SKOR!$AS$6:$AS$55,">=0")) -> 16 | L11: =IF($B11="","",IFERROR(K11/N_SISWA,0)) -> 0.51612903 | M11: =IF($B11="","",COUNTIFS(JAWABAN!$J$6:$J$55,"C",SKOR!$AW$6:$AW$55,"<="&N_GRUP)) -> 6 | N11: =IF($B11="","",COUNTIFS(JAWABAN!$J$6:$J$55,"C",SKOR!$AW$6:$AW$55,">"&(N_SISWA-N_GRUP))) -> 0 | O11: =IF($B11="","",COUNTIFS(JAWABAN!$J$6:$J$55,"D",SKOR!$AS$6:$AS$55,">=0")) -> 3 | P11: =IF($B11="","",IFERROR(O11/N_SISWA,0)) -> 0.096774194 | Q11: =IF($B11="","",COUNTIFS(JAWABAN!$J$6:$J$55,"D",SKOR!$AW$6:$AW$55,"<="&N_GRUP)) -> 0 | R11: =IF($B11="","",COUNTIFS(JAWABAN!$J$6:$J$55,"D",SKOR!$AW$6:$AW$55,">"&(N_SISWA-N_GRUP))) -> 2 | S11: =IF($B11="","",N_SISWA-(C11+G11+K11+O11)) -> 3 | T11: =IF($B11="","",($B11<>"A")*(D11>=PERSEN_PENGECOH)+($B11<>"B")*(H11>=PERSEN_PENGECOH)+($B11<>"C")*(L11>=PERSEN_PENGECOH)+($B11<>"D")*(P11>=PERSEN_PENGECOH)) -> 3 | U11: =IF($B11="","",IF(T11=3,"-",TRIM(IF(AND($B11<>"A",D11<PERSEN_PENGECOH),"A ","")&IF(AND($B11<>"B",H11<PERSEN_PENGECOH),"B ","")&IF(AND($B11<>"C",L11<PERSEN_PENGECOH),"C ","")&IF(AND($B11<>"D",P11<PERSEN_PENGECOH),"D ","")))) -> -
A12: 7 | B12: =ANALISIS!B12 -> B | C12: =IF($B12="","",COUNTIFS(JAWABAN!$K$6:$K$55,"A",SKOR!$AS$6:$AS$55,">=0")) -> 1 | D12: =IF($B12="","",IFERROR(C12/N_SISWA,0)) -> 0.032258065 | E12: =IF($B12="","",COUNTIFS(JAWABAN!$K$6:$K$55,"A",SKOR!$AW$6:$AW$55,"<="&N_GRUP)) -> 0 | F12: =IF($B12="","",COUNTIFS(JAWABAN!$K$6:$K$55,"A",SKOR!$AW$6:$AW$55,">"&(N_SISWA-N_GRUP))) -> 1 | G12: =IF($B12="","",COUNTIFS(JAWABAN!$K$6:$K$55,"B",SKOR!$AS$6:$AS$55,">=0")) -> 18 | H12: =IF($B12="","",IFERROR(G12/N_SISWA,0)) -> 0.58064516 | I12: =IF($B12="","",COUNTIFS(JAWABAN!$K$6:$K$55,"B",SKOR!$AW$6:$AW$55,"<="&N_GRUP)) -> 7 | J12: =IF($B12="","",COUNTIFS(JAWABAN!$K$6:$K$55,"B",SKOR!$AW$6:$AW$55,">"&(N_SISWA-N_GRUP))) -> 3 | K12: =IF($B12="","",COUNTIFS(JAWABAN!$K$6:$K$55,"C",SKOR!$AS$6:$AS$55,">=0")) -> 5 | L12: =IF($B12="","",IFERROR(K12/N_SISWA,0)) -> 0.16129032 | M12: =IF($B12="","",COUNTIFS(JAWABAN!$K$6:$K$55,"C",SKOR!$AW$6:$AW$55,"<="&N_GRUP)) -> 1 | N12: =IF($B12="","",COUNTIFS(JAWABAN!$K$6:$K$55,"C",SKOR!$AW$6:$AW$55,">"&(N_SISWA-N_GRUP))) -> 2 | O12: =IF($B12="","",COUNTIFS(JAWABAN!$K$6:$K$55,"D",SKOR!$AS$6:$AS$55,">=0")) -> 5 | P12: =IF($B12="","",IFERROR(O12/N_SISWA,0)) -> 0.16129032 | Q12: =IF($B12="","",COUNTIFS(JAWABAN!$K$6:$K$55,"D",SKOR!$AW$6:$AW$55,"<="&N_GRUP)) -> 0 | R12: =IF($B12="","",COUNTIFS(JAWABAN!$K$6:$K$55,"D",SKOR!$AW$6:$AW$55,">"&(N_SISWA-N_GRUP))) -> 2 | S12: =IF($B12="","",N_SISWA-(C12+G12+K12+O12)) -> 2 | T12: =IF($B12="","",($B12<>"A")*(D12>=PERSEN_PENGECOH)+($B12<>"B")*(H12>=PERSEN_PENGECOH)+($B12<>"C")*(L12>=PERSEN_PENGECOH)+($B12<>"D")*(P12>=PERSEN_PENGECOH)) -> 2 | U12: =IF($B12="","",IF(T12=3,"-",TRIM(IF(AND($B12<>"A",D12<PERSEN_PENGECOH),"A ","")&IF(AND($B12<>"B",H12<PERSEN_PENGECOH),"B ","")&IF(AND($B12<>"C",L12<PERSEN_PENGECOH),"C ","")&IF(AND($B12<>"D",P12<PERSEN_PENGECOH),"D ","")))) -> A
A13: 8 | B13: =ANALISIS!B13 -> D | C13: =IF($B13="","",COUNTIFS(JAWABAN!$L$6:$L$55,"A",SKOR!$AS$6:$AS$55,">=0")) -> 2 | D13: =IF($B13="","",IFERROR(C13/N_SISWA,0)) -> 0.064516129 | E13: =IF($B13="","",COUNTIFS(JAWABAN!$L$6:$L$55,"A",SKOR!$AW$6:$AW$55,"<="&N_GRUP)) -> 0 | F13: =IF($B13="","",COUNTIFS(JAWABAN!$L$6:$L$55,"A",SKOR!$AW$6:$AW$55,">"&(N_SISWA-N_GRUP))) -> 2 | G13: =IF($B13="","",COUNTIFS(JAWABAN!$L$6:$L$55,"B",SKOR!$AS$6:$AS$55,">=0")) -> 1 | H13: =IF($B13="","",IFERROR(G13/N_SISWA,0)) -> 0.032258065 | I13: =IF($B13="","",COUNTIFS(JAWABAN!$L$6:$L$55,"B",SKOR!$AW$6:$AW$55,"<="&N_GRUP)) -> 0 | J13: =IF($B13="","",COUNTIFS(JAWABAN!$L$6:$L$55,"B",SKOR!$AW$6:$AW$55,">"&(N_SISWA-N_GRUP))) -> 0 | K13: =IF($B13="","",COUNTIFS(JAWABAN!$L$6:$L$55,"C",SKOR!$AS$6:$AS$55,">=0")) -> 2 | L13: =IF($B13="","",IFERROR(K13/N_SISWA,0)) -> 0.064516129 | M13: =IF($B13="","",COUNTIFS(JAWABAN!$L$6:$L$55,"C",SKOR!$AW$6:$AW$55,"<="&N_GRUP)) -> 0 | N13: =IF($B13="","",COUNTIFS(JAWABAN!$L$6:$L$55,"C",SKOR!$AW$6:$AW$55,">"&(N_SISWA-N_GRUP))) -> 1 | O13: =IF($B13="","",COUNTIFS(JAWABAN!$L$6:$L$55,"D",SKOR!$AS$6:$AS$55,">=0")) -> 26 | P13: =IF($B13="","",IFERROR(O13/N_SISWA,0)) -> 0.83870968 | Q13: =IF($B13="","",COUNTIFS(JAWABAN!$L$6:$L$55,"D",SKOR!$AW$6:$AW$55,"<="&N_GRUP)) -> 8 | R13: =IF($B13="","",COUNTIFS(JAWABAN!$L$6:$L$55,"D",SKOR!$AW$6:$AW$55,">"&(N_SISWA-N_GRUP))) -> 5 | S13: =IF($B13="","",N_SISWA-(C13+G13+K13+O13)) -> 0 | T13: =IF($B13="","",($B13<>"A")*(D13>=PERSEN_PENGECOH)+($B13<>"B")*(H13>=PERSEN_PENGECOH)+($B13<>"C")*(L13>=PERSEN_PENGECOH)+($B13<>"D")*(P13>=PERSEN_PENGECOH)) -> 2 | U13: =IF($B13="","",IF(T13=3,"-",TRIM(IF(AND($B13<>"A",D13<PERSEN_PENGECOH),"A ","")&IF(AND($B13<>"B",H13<PERSEN_PENGECOH),"B ","")&IF(AND($B13<>"C",L13<PERSEN_PENGECOH),"C ","")&IF(AND($B13<>"D",P13<PERSEN_PENGECOH),"D ","")))) -> B
A14: 9 | B14: =ANALISIS!B14 -> D | C14: =IF($B14="","",COUNTIFS(JAWABAN!$M$6:$M$55,"A",SKOR!$AS$6:$AS$55,">=0")) -> 4 | D14: =IF($B14="","",IFERROR(C14/N_SISWA,0)) -> 0.12903226 | E14: =IF($B14="","",COUNTIFS(JAWABAN!$M$6:$M$55,"A",SKOR!$AW$6:$AW$55,"<="&N_GRUP)) -> 1 | F14: =IF($B14="","",COUNTIFS(JAWABAN!$M$6:$M$55,"A",SKOR!$AW$6:$AW$55,">"&(N_SISWA-N_GRUP))) -> 1 | G14: =IF($B14="","",COUNTIFS(JAWABAN!$M$6:$M$55,"B",SKOR!$AS$6:$AS$55,">=0")) -> 7 | H14: =IF($B14="","",IFERROR(G14/N_SISWA,0)) -> 0.22580645 | I14: =IF($B14="","",COUNTIFS(JAWABAN!$M$6:$M$55,"B",SKOR!$AW$6:$AW$55,"<="&N_GRUP)) -> 2 | J14: =IF($B14="","",COUNTIFS(JAWABAN!$M$6:$M$55,"B",SKOR!$AW$6:$AW$55,">"&(N_SISWA-N_GRUP))) -> 3 | K14: =IF($B14="","",COUNTIFS(JAWABAN!$M$6:$M$55,"C",SKOR!$AS$6:$AS$55,">=0")) -> 5 | L14: =IF($B14="","",IFERROR(K14/N_SISWA,0)) -> 0.16129032 | M14: =IF($B14="","",COUNTIFS(JAWABAN!$M$6:$M$55,"C",SKOR!$AW$6:$AW$55,"<="&N_GRUP)) -> 0 | N14: =IF($B14="","",COUNTIFS(JAWABAN!$M$6:$M$55,"C",SKOR!$AW$6:$AW$55,">"&(N_SISWA-N_GRUP))) -> 2 | O14: =IF($B14="","",COUNTIFS(JAWABAN!$M$6:$M$55,"D",SKOR!$AS$6:$AS$55,">=0")) -> 14 | P14: =IF($B14="","",IFERROR(O14/N_SISWA,0)) -> 0.4516129 | Q14: =IF($B14="","",COUNTIFS(JAWABAN!$M$6:$M$55,"D",SKOR!$AW$6:$AW$55,"<="&N_GRUP)) -> 4 | R14: =IF($B14="","",COUNTIFS(JAWABAN!$M$6:$M$55,"D",SKOR!$AW$6:$AW$55,">"&(N_SISWA-N_GRUP))) -> 2 | S14: =IF($B14="","",N_SISWA-(C14+G14+K14+O14)) -> 1 | T14: =IF($B14="","",($B14<>"A")*(D14>=PERSEN_PENGECOH)+($B14<>"B")*(H14>=PERSEN_PENGECOH)+($B14<>"C")*(L14>=PERSEN_PENGECOH)+($B14<>"D")*(P14>=PERSEN_PENGECOH)) -> 3 | U14: =IF($B14="","",IF(T14=3,"-",TRIM(IF(AND($B14<>"A",D14<PERSEN_PENGECOH),"A ","")&IF(AND($B14<>"B",H14<PERSEN_PENGECOH),"B ","")&IF(AND($B14<>"C",L14<PERSEN_PENGECOH),"C ","")&IF(AND($B14<>"D",P14<PERSEN_PENGECOH),"D ","")))) -> -
A15: 10 | B15: =ANALISIS!B15 -> C | C15: =IF($B15="","",COUNTIFS(JAWABAN!$N$6:$N$55,"A",SKOR!$AS$6:$AS$55,">=0")) -> 7 | D15: =IF($B15="","",IFERROR(C15/N_SISWA,0)) -> 0.22580645 | E15: =IF($B15="","",COUNTIFS(JAWABAN!$N$6:$N$55,"A",SKOR!$AW$6:$AW$55,"<="&N_GRUP)) -> 2 | F15: =IF($B15="","",COUNTIFS(JAWABAN!$N$6:$N$55,"A",SKOR!$AW$6:$AW$55,">"&(N_SISWA-N_GRUP))) -> 3 | G15: =IF($B15="","",COUNTIFS(JAWABAN!$N$6:$N$55,"B",SKOR!$AS$6:$AS$55,">=0")) -> 6 | H15: =IF($B15="","",IFERROR(G15/N_SISWA,0)) -> 0.19354839 | I15: =IF($B15="","",COUNTIFS(JAWABAN!$N$6:$N$55,"B",SKOR!$AW$6:$AW$55,"<="&N_GRUP)) -> 1 | J15: =IF($B15="","",COUNTIFS(JAWABAN!$N$6:$N$55,"B",SKOR!$AW$6:$AW$55,">"&(N_SISWA-N_GRUP))) -> 4 | K15: =IF($B15="","",COUNTIFS(JAWABAN!$N$6:$N$55,"C",SKOR!$AS$6:$AS$55,">=0")) -> 15 | L15: =IF($B15="","",IFERROR(K15/N_SISWA,0)) -> 0.48387097 | M15: =IF($B15="","",COUNTIFS(JAWABAN!$N$6:$N$55,"C",SKOR!$AW$6:$AW$55,"<="&N_GRUP)) -> 5 | N15: =IF($B15="","",COUNTIFS(JAWABAN!$N$6:$N$55,"C",SKOR!$AW$6:$AW$55,">"&(N_SISWA-N_GRUP))) -> 1 | O15: =IF($B15="","",COUNTIFS(JAWABAN!$N$6:$N$55,"D",SKOR!$AS$6:$AS$55,">=0")) -> 2 | P15: =IF($B15="","",IFERROR(O15/N_SISWA,0)) -> 0.064516129 | Q15: =IF($B15="","",COUNTIFS(JAWABAN!$N$6:$N$55,"D",SKOR!$AW$6:$AW$55,"<="&N_GRUP)) -> 0 | R15: =IF($B15="","",COUNTIFS(JAWABAN!$N$6:$N$55,"D",SKOR!$AW$6:$AW$55,">"&(N_SISWA-N_GRUP))) -> 0 | S15: =IF($B15="","",N_SISWA-(C15+G15+K15+O15)) -> 1 | T15: =IF($B15="","",($B15<>"A")*(D15>=PERSEN_PENGECOH)+($B15<>"B")*(H15>=PERSEN_PENGECOH)+($B15<>"C")*(L15>=PERSEN_PENGECOH)+($B15<>"D")*(P15>=PERSEN_PENGECOH)) -> 3 | U15: =IF($B15="","",IF(T15=3,"-",TRIM(IF(AND($B15<>"A",D15<PERSEN_PENGECOH),"A ","")&IF(AND($B15<>"B",H15<PERSEN_PENGECOH),"B ","")&IF(AND($B15<>"C",L15<PERSEN_PENGECOH),"C ","")&IF(AND($B15<>"D",P15<PERSEN_PENGECOH),"D ","")))) -> -
A16: 11 | B16: =ANALISIS!B16 -> C | C16: =IF($B16="","",COUNTIFS(JAWABAN!$O$6:$O$55,"A",SKOR!$AS$6:$AS$55,">=0")) -> 4 | D16: =IF($B16="","",IFERROR(C16/N_SISWA,0)) -> 0.12903226 | E16: =IF($B16="","",COUNTIFS(JAWABAN!$O$6:$O$55,"A",SKOR!$AW$6:$AW$55,"<="&N_GRUP)) -> 0 | F16: =IF($B16="","",COUNTIFS(JAWABAN!$O$6:$O$55,"A",SKOR!$AW$6:$AW$55,">"&(N_SISWA-N_GRUP))) -> 2 | G16: =IF($B16="","",COUNTIFS(JAWABAN!$O$6:$O$55,"B",SKOR!$AS$6:$AS$55,">=0")) -> 2 | H16: =IF($B16="","",IFERROR(G16/N_SISWA,0)) -> 0.064516129 | I16: =IF($B16="","",COUNTIFS(JAWABAN!$O$6:$O$55,"B",SKOR!$AW$6:$AW$55,"<="&N_GRUP)) -> 0 | J16: =IF($B16="","",COUNTIFS(JAWABAN!$O$6:$O$55,"B",SKOR!$AW$6:$AW$55,">"&(N_SISWA-N_GRUP))) -> 2 | K16: =IF($B16="","",COUNTIFS(JAWABAN!$O$6:$O$55,"C",SKOR!$AS$6:$AS$55,">=0")) -> 20 | L16: =IF($B16="","",IFERROR(K16/N_SISWA,0)) -> 0.64516129 | M16: =IF($B16="","",COUNTIFS(JAWABAN!$O$6:$O$55,"C",SKOR!$AW$6:$AW$55,"<="&N_GRUP)) -> 7 | N16: =IF($B16="","",COUNTIFS(JAWABAN!$O$6:$O$55,"C",SKOR!$AW$6:$AW$55,">"&(N_SISWA-N_GRUP))) -> 2 | O16: =IF($B16="","",COUNTIFS(JAWABAN!$O$6:$O$55,"D",SKOR!$AS$6:$AS$55,">=0")) -> 4 | P16: =IF($B16="","",IFERROR(O16/N_SISWA,0)) -> 0.12903226 | Q16: =IF($B16="","",COUNTIFS(JAWABAN!$O$6:$O$55,"D",SKOR!$AW$6:$AW$55,"<="&N_GRUP)) -> 1 | R16: =IF($B16="","",COUNTIFS(JAWABAN!$O$6:$O$55,"D",SKOR!$AW$6:$AW$55,">"&(N_SISWA-N_GRUP))) -> 1 | S16: =IF($B16="","",N_SISWA-(C16+G16+K16+O16)) -> 1 | T16: =IF($B16="","",($B16<>"A")*(D16>=PERSEN_PENGECOH)+($B16<>"B")*(H16>=PERSEN_PENGECOH)+($B16<>"C")*(L16>=PERSEN_PENGECOH)+($B16<>"D")*(P16>=PERSEN_PENGECOH)) -> 3 | U16: =IF($B16="","",IF(T16=3,"-",TRIM(IF(AND($B16<>"A",D16<PERSEN_PENGECOH),"A ","")&IF(AND($B16<>"B",H16<PERSEN_PENGECOH),"B ","")&IF(AND($B16<>"C",L16<PERSEN_PENGECOH),"C ","")&IF(AND($B16<>"D",P16<PERSEN_PENGECOH),"D ","")))) -> -
A17: 12 | B17: =ANALISIS!B17 -> C | C17: =IF($B17="","",COUNTIFS(JAWABAN!$P$6:$P$55,"A",SKOR!$AS$6:$AS$55,">=0")) -> 1 | D17: =IF($B17="","",IFERROR(C17/N_SISWA,0)) -> 0.032258065 | E17: =IF($B17="","",COUNTIFS(JAWABAN!$P$6:$P$55,"A",SKOR!$AW$6:$AW$55,"<="&N_GRUP)) -> 0 | F17: =IF($B17="","",COUNTIFS(JAWABAN!$P$6:$P$55,"A",SKOR!$AW$6:$AW$55,">"&(N_SISWA-N_GRUP))) -> 1 | G17: =IF($B17="","",COUNTIFS(JAWABAN!$P$6:$P$55,"B",SKOR!$AS$6:$AS$55,">=0")) -> 7 | H17: =IF($B17="","",IFERROR(G17/N_SISWA,0)) -> 0.22580645 | I17: =IF($B17="","",COUNTIFS(JAWABAN!$P$6:$P$55,"B",SKOR!$AW$6:$AW$55,"<="&N_GRUP)) -> 0 | J17: =IF($B17="","",COUNTIFS(JAWABAN!$P$6:$P$55,"B",SKOR!$AW$6:$AW$55,">"&(N_SISWA-N_GRUP))) -> 4 | K17: =IF($B17="","",COUNTIFS(JAWABAN!$P$6:$P$55,"C",SKOR!$AS$6:$AS$55,">=0")) -> 18 | L17: =IF($B17="","",IFERROR(K17/N_SISWA,0)) -> 0.58064516 | M17: =IF($B17="","",COUNTIFS(JAWABAN!$P$6:$P$55,"C",SKOR!$AW$6:$AW$55,"<="&N_GRUP)) -> 7 | N17: =IF($B17="","",COUNTIFS(JAWABAN!$P$6:$P$55,"C",SKOR!$AW$6:$AW$55,">"&(N_SISWA-N_GRUP))) -> 3 | O17: =IF($B17="","",COUNTIFS(JAWABAN!$P$6:$P$55,"D",SKOR!$AS$6:$AS$55,">=0")) -> 4 | P17: =IF($B17="","",IFERROR(O17/N_SISWA,0)) -> 0.12903226 | Q17: =IF($B17="","",COUNTIFS(JAWABAN!$P$6:$P$55,"D",SKOR!$AW$6:$AW$55,"<="&N_GRUP)) -> 1 | R17: =IF($B17="","",COUNTIFS(JAWABAN!$P$6:$P$55,"D",SKOR!$AW$6:$AW$55,">"&(N_SISWA-N_GRUP))) -> 0 | S17: =IF($B17="","",N_SISWA-(C17+G17+K17+O17)) -> 1 | T17: =IF($B17="","",($B17<>"A")*(D17>=PERSEN_PENGECOH)+($B17<>"B")*(H17>=PERSEN_PENGECOH)+($B17<>"C")*(L17>=PERSEN_PENGECOH)+($B17<>"D")*(P17>=PERSEN_PENGECOH)) -> 2 | U17: =IF($B17="","",IF(T17=3,"-",TRIM(IF(AND($B17<>"A",D17<PERSEN_PENGECOH),"A ","")&IF(AND($B17<>"B",H17<PERSEN_PENGECOH),"B ","")&IF(AND($B17<>"C",L17<PERSEN_PENGECOH),"C ","")&IF(AND($B17<>"D",P17<PERSEN_PENGECOH),"D ","")))) -> A
A18: 13 | B18: =ANALISIS!B18 -> D | C18: =IF($B18="","",COUNTIFS(JAWABAN!$Q$6:$Q$55,"A",SKOR!$AS$6:$AS$55,">=0")) -> 3 | D18: =IF($B18="","",IFERROR(C18/N_SISWA,0)) -> 0.096774194 | E18: =IF($B18="","",COUNTIFS(JAWABAN!$Q$6:$Q$55,"A",SKOR!$AW$6:$AW$55,"<="&N_GRUP)) -> 1 | F18: =IF($B18="","",COUNTIFS(JAWABAN!$Q$6:$Q$55,"A",SKOR!$AW$6:$AW$55,">"&(N_SISWA-N_GRUP))) -> 0 | G18: =IF($B18="","",COUNTIFS(JAWABAN!$Q$6:$Q$55,"B",SKOR!$AS$6:$AS$55,">=0")) -> 3 | H18: =IF($B18="","",IFERROR(G18/N_SISWA,0)) -> 0.096774194 | I18: =IF($B18="","",COUNTIFS(JAWABAN!$Q$6:$Q$55,"B",SKOR!$AW$6:$AW$55,"<="&N_GRUP)) -> 0 | J18: =IF($B18="","",COUNTIFS(JAWABAN!$Q$6:$Q$55,"B",SKOR!$AW$6:$AW$55,">"&(N_SISWA-N_GRUP))) -> 1 | K18: =IF($B18="","",COUNTIFS(JAWABAN!$Q$6:$Q$55,"C",SKOR!$AS$6:$AS$55,">=0")) -> 2 | L18: =IF($B18="","",IFERROR(K18/N_SISWA,0)) -> 0.064516129 | M18: =IF($B18="","",COUNTIFS(JAWABAN!$Q$6:$Q$55,"C",SKOR!$AW$6:$AW$55,"<="&N_GRUP)) -> 0 | N18: =IF($B18="","",COUNTIFS(JAWABAN!$Q$6:$Q$55,"C",SKOR!$AW$6:$AW$55,">"&(N_SISWA-N_GRUP))) -> 0 | O18: =IF($B18="","",COUNTIFS(JAWABAN!$Q$6:$Q$55,"D",SKOR!$AS$6:$AS$55,">=0")) -> 21 | P18: =IF($B18="","",IFERROR(O18/N_SISWA,0)) -> 0.67741935 | Q18: =IF($B18="","",COUNTIFS(JAWABAN!$Q$6:$Q$55,"D",SKOR!$AW$6:$AW$55,"<="&N_GRUP)) -> 6 | R18: =IF($B18="","",COUNTIFS(JAWABAN!$Q$6:$Q$55,"D",SKOR!$AW$6:$AW$55,">"&(N_SISWA-N_GRUP))) -> 7 | S18: =IF($B18="","",N_SISWA-(C18+G18+K18+O18)) -> 2 | T18: =IF($B18="","",($B18<>"A")*(D18>=PERSEN_PENGECOH)+($B18<>"B")*(H18>=PERSEN_PENGECOH)+($B18<>"C")*(L18>=PERSEN_PENGECOH)+($B18<>"D")*(P18>=PERSEN_PENGECOH)) -> 3 | U18: =IF($B18="","",IF(T18=3,"-",TRIM(IF(AND($B18<>"A",D18<PERSEN_PENGECOH),"A ","")&IF(AND($B18<>"B",H18<PERSEN_PENGECOH),"B ","")&IF(AND($B18<>"C",L18<PERSEN_PENGECOH),"C ","")&IF(AND($B18<>"D",P18<PERSEN_PENGECOH),"D ","")))) -> -
A19: 14 | B19: =ANALISIS!B19 -> A | C19: =IF($B19="","",COUNTIFS(JAWABAN!$R$6:$R$55,"A",SKOR!$AS$6:$AS$55,">=0")) -> 18 | D19: =IF($B19="","",IFERROR(C19/N_SISWA,0)) -> 0.58064516 | E19: =IF($B19="","",COUNTIFS(JAWABAN!$R$6:$R$55,"A",SKOR!$AW$6:$AW$55,"<="&N_GRUP)) -> 6 | F19: =IF($B19="","",COUNTIFS(JAWABAN!$R$6:$R$55,"A",SKOR!$AW$6:$AW$55,">"&(N_SISWA-N_GRUP))) -> 3 | G19: =IF($B19="","",COUNTIFS(JAWABAN!$R$6:$R$55,"B",SKOR!$AS$6:$AS$55,">=0")) -> 4 | H19: =IF($B19="","",IFERROR(G19/N_SISWA,0)) -> 0.12903226 | I19: =IF($B19="","",COUNTIFS(JAWABAN!$R$6:$R$55,"B",SKOR!$AW$6:$AW$55,"<="&N_GRUP)) -> 2 | J19: =IF($B19="","",COUNTIFS(JAWABAN!$R$6:$R$55,"B",SKOR!$AW$6:$AW$55,">"&(N_SISWA-N_GRUP))) -> 1 | K19: =IF($B19="","",COUNTIFS(JAWABAN!$R$6:$R$55,"C",SKOR!$AS$6:$AS$55,">=0")) -> 4 | L19: =IF($B19="","",IFERROR(K19/N_SISWA,0)) -> 0.12903226 | M19: =IF($B19="","",COUNTIFS(JAWABAN!$R$6:$R$55,"C",SKOR!$AW$6:$AW$55,"<="&N_GRUP)) -> 0 | N19: =IF($B19="","",COUNTIFS(JAWABAN!$R$6:$R$55,"C",SKOR!$AW$6:$AW$55,">"&(N_SISWA-N_GRUP))) -> 1 | O19: =IF($B19="","",COUNTIFS(JAWABAN!$R$6:$R$55,"D",SKOR!$AS$6:$AS$55,">=0")) -> 5 | P19: =IF($B19="","",IFERROR(O19/N_SISWA,0)) -> 0.16129032 | Q19: =IF($B19="","",COUNTIFS(JAWABAN!$R$6:$R$55,"D",SKOR!$AW$6:$AW$55,"<="&N_GRUP)) -> 0 | R19: =IF($B19="","",COUNTIFS(JAWABAN!$R$6:$R$55,"D",SKOR!$AW$6:$AW$55,">"&(N_SISWA-N_GRUP))) -> 3 | S19: =IF($B19="","",N_SISWA-(C19+G19+K19+O19)) -> 0 | T19: =IF($B19="","",($B19<>"A")*(D19>=PERSEN_PENGECOH)+($B19<>"B")*(H19>=PERSEN_PENGECOH)+($B19<>"C")*(L19>=PERSEN_PENGECOH)+($B19<>"D")*(P19>=PERSEN_PENGECOH)) -> 3 | U19: =IF($B19="","",IF(T19=3,"-",TRIM(IF(AND($B19<>"A",D19<PERSEN_PENGECOH),"A ","")&IF(AND($B19<>"B",H19<PERSEN_PENGECOH),"B ","")&IF(AND($B19<>"C",L19<PERSEN_PENGECOH),"C ","")&IF(AND($B19<>"D",P19<PERSEN_PENGECOH),"D ","")))) -> -
A20: 15 | B20: =ANALISIS!B20 -> B | C20: =IF($B20="","",COUNTIFS(JAWABAN!$S$6:$S$55,"A",SKOR!$AS$6:$AS$55,">=0")) -> 4 | D20: =IF($B20="","",IFERROR(C20/N_SISWA,0)) -> 0.12903226 | E20: =IF($B20="","",COUNTIFS(JAWABAN!$S$6:$S$55,"A",SKOR!$AW$6:$AW$55,"<="&N_GRUP)) -> 0 | F20: =IF($B20="","",COUNTIFS(JAWABAN!$S$6:$S$55,"A",SKOR!$AW$6:$AW$55,">"&(N_SISWA-N_GRUP))) -> 4 | G20: =IF($B20="","",COUNTIFS(JAWABAN!$S$6:$S$55,"B",SKOR!$AS$6:$AS$55,">=0")) -> 16 | H20: =IF($B20="","",IFERROR(G20/N_SISWA,0)) -> 0.51612903 | I20: =IF($B20="","",COUNTIFS(JAWABAN!$S$6:$S$55,"B",SKOR!$AW$6:$AW$55,"<="&N_GRUP)) -> 8 | J20: =IF($B20="","",COUNTIFS(JAWABAN!$S$6:$S$55,"B",SKOR!$AW$6:$AW$55,">"&(N_SISWA-N_GRUP))) -> 1 | K20: =IF($B20="","",COUNTIFS(JAWABAN!$S$6:$S$55,"C",SKOR!$AS$6:$AS$55,">=0")) -> 4 | L20: =IF($B20="","",IFERROR(K20/N_SISWA,0)) -> 0.12903226 | M20: =IF($B20="","",COUNTIFS(JAWABAN!$S$6:$S$55,"C",SKOR!$AW$6:$AW$55,"<="&N_GRUP)) -> 0 | N20: =IF($B20="","",COUNTIFS(JAWABAN!$S$6:$S$55,"C",SKOR!$AW$6:$AW$55,">"&(N_SISWA-N_GRUP))) -> 1 | O20: =IF($B20="","",COUNTIFS(JAWABAN!$S$6:$S$55,"D",SKOR!$AS$6:$AS$55,">=0")) -> 6 | P20: =IF($B20="","",IFERROR(O20/N_SISWA,0)) -> 0.19354839 | Q20: =IF($B20="","",COUNTIFS(JAWABAN!$S$6:$S$55,"D",SKOR!$AW$6:$AW$55,"<="&N_GRUP)) -> 0 | R20: =IF($B20="","",COUNTIFS(JAWABAN!$S$6:$S$55,"D",SKOR!$AW$6:$AW$55,">"&(N_SISWA-N_GRUP))) -> 2 | S20: =IF($B20="","",N_SISWA-(C20+G20+K20+O20)) -> 1 | T20: =IF($B20="","",($B20<>"A")*(D20>=PERSEN_PENGECOH)+($B20<>"B")*(H20>=PERSEN_PENGECOH)+($B20<>"C")*(L20>=PERSEN_PENGECOH)+($B20<>"D")*(P20>=PERSEN_PENGECOH)) -> 3 | U20: =IF($B20="","",IF(T20=3,"-",TRIM(IF(AND($B20<>"A",D20<PERSEN_PENGECOH),"A ","")&IF(AND($B20<>"B",H20<PERSEN_PENGECOH),"B ","")&IF(AND($B20<>"C",L20<PERSEN_PENGECOH),"C ","")&IF(AND($B20<>"D",P20<PERSEN_PENGECOH),"D ","")))) -> -
A21: 16 | B21: =ANALISIS!B21 -> C | C21: =IF($B21="","",COUNTIFS(JAWABAN!$T$6:$T$55,"A",SKOR!$AS$6:$AS$55,">=0")) -> 3 | D21: =IF($B21="","",IFERROR(C21/N_SISWA,0)) -> 0.096774194 | E21: =IF($B21="","",COUNTIFS(JAWABAN!$T$6:$T$55,"A",SKOR!$AW$6:$AW$55,"<="&N_GRUP)) -> 0 | F21: =IF($B21="","",COUNTIFS(JAWABAN!$T$6:$T$55,"A",SKOR!$AW$6:$AW$55,">"&(N_SISWA-N_GRUP))) -> 1 | G21: =IF($B21="","",COUNTIFS(JAWABAN!$T$6:$T$55,"B",SKOR!$AS$6:$AS$55,">=0")) -> 5 | H21: =IF($B21="","",IFERROR(G21/N_SISWA,0)) -> 0.16129032 | I21: =IF($B21="","",COUNTIFS(JAWABAN!$T$6:$T$55,"B",SKOR!$AW$6:$AW$55,"<="&N_GRUP)) -> 0 | J21: =IF($B21="","",COUNTIFS(JAWABAN!$T$6:$T$55,"B",SKOR!$AW$6:$AW$55,">"&(N_SISWA-N_GRUP))) -> 3 | K21: =IF($B21="","",COUNTIFS(JAWABAN!$T$6:$T$55,"C",SKOR!$AS$6:$AS$55,">=0")) -> 17 | L21: =IF($B21="","",IFERROR(K21/N_SISWA,0)) -> 0.5483871 | M21: =IF($B21="","",COUNTIFS(JAWABAN!$T$6:$T$55,"C",SKOR!$AW$6:$AW$55,"<="&N_GRUP)) -> 7 | N21: =IF($B21="","",COUNTIFS(JAWABAN!$T$6:$T$55,"C",SKOR!$AW$6:$AW$55,">"&(N_SISWA-N_GRUP))) -> 3 | O21: =IF($B21="","",COUNTIFS(JAWABAN!$T$6:$T$55,"D",SKOR!$AS$6:$AS$55,">=0")) -> 5 | P21: =IF($B21="","",IFERROR(O21/N_SISWA,0)) -> 0.16129032 | Q21: =IF($B21="","",COUNTIFS(JAWABAN!$T$6:$T$55,"D",SKOR!$AW$6:$AW$55,"<="&N_GRUP)) -> 1 | R21: =IF($B21="","",COUNTIFS(JAWABAN!$T$6:$T$55,"D",SKOR!$AW$6:$AW$55,">"&(N_SISWA-N_GRUP))) -> 1 | S21: =IF($B21="","",N_SISWA-(C21+G21+K21+O21)) -> 1 | T21: =IF($B21="","",($B21<>"A")*(D21>=PERSEN_PENGECOH)+($B21<>"B")*(H21>=PERSEN_PENGECOH)+($B21<>"C")*(L21>=PERSEN_PENGECOH)+($B21<>"D")*(P21>=PERSEN_PENGECOH)) -> 3 | U21: =IF($B21="","",IF(T21=3,"-",TRIM(IF(AND($B21<>"A",D21<PERSEN_PENGECOH),"A ","")&IF(AND($B21<>"B",H21<PERSEN_PENGECOH),"B ","")&IF(AND($B21<>"C",L21<PERSEN_PENGECOH),"C ","")&IF(AND($B21<>"D",P21<PERSEN_PENGECOH),"D ","")))) -> -
A22: 17 | B22: =ANALISIS!B22 -> C | C22: =IF($B22="","",COUNTIFS(JAWABAN!$U$6:$U$55,"A",SKOR!$AS$6:$AS$55,">=0")) -> 3 | D22: =IF($B22="","",IFERROR(C22/N_SISWA,0)) -> 0.096774194 | E22: =IF($B22="","",COUNTIFS(JAWABAN!$U$6:$U$55,"A",SKOR!$AW$6:$AW$55,"<="&N_GRUP)) -> 1 | F22: =IF($B22="","",COUNTIFS(JAWABAN!$U$6:$U$55,"A",SKOR!$AW$6:$AW$55,">"&(N_SISWA-N_GRUP))) -> 0 | G22: =IF($B22="","",COUNTIFS(JAWABAN!$U$6:$U$55,"B",SKOR!$AS$6:$AS$55,">=0")) -> 7 | H22: =IF($B22="","",IFERROR(G22/N_SISWA,0)) -> 0.22580645 | I22: =IF($B22="","",COUNTIFS(JAWABAN!$U$6:$U$55,"B",SKOR!$AW$6:$AW$55,"<="&N_GRUP)) -> 1 | J22: =IF($B22="","",COUNTIFS(JAWABAN!$U$6:$U$55,"B",SKOR!$AW$6:$AW$55,">"&(N_SISWA-N_GRUP))) -> 2 | K22: =IF($B22="","",COUNTIFS(JAWABAN!$U$6:$U$55,"C",SKOR!$AS$6:$AS$55,">=0")) -> 14 | L22: =IF($B22="","",IFERROR(K22/N_SISWA,0)) -> 0.4516129 | M22: =IF($B22="","",COUNTIFS(JAWABAN!$U$6:$U$55,"C",SKOR!$AW$6:$AW$55,"<="&N_GRUP)) -> 4 | N22: =IF($B22="","",COUNTIFS(JAWABAN!$U$6:$U$55,"C",SKOR!$AW$6:$AW$55,">"&(N_SISWA-N_GRUP))) -> 4 | O22: =IF($B22="","",COUNTIFS(JAWABAN!$U$6:$U$55,"D",SKOR!$AS$6:$AS$55,">=0")) -> 6 | P22: =IF($B22="","",IFERROR(O22/N_SISWA,0)) -> 0.19354839 | Q22: =IF($B22="","",COUNTIFS(JAWABAN!$U$6:$U$55,"D",SKOR!$AW$6:$AW$55,"<="&N_GRUP)) -> 2 | R22: =IF($B22="","",COUNTIFS(JAWABAN!$U$6:$U$55,"D",SKOR!$AW$6:$AW$55,">"&(N_SISWA-N_GRUP))) -> 2 | S22: =IF($B22="","",N_SISWA-(C22+G22+K22+O22)) -> 1 | T22: =IF($B22="","",($B22<>"A")*(D22>=PERSEN_PENGECOH)+($B22<>"B")*(H22>=PERSEN_PENGECOH)+($B22<>"C")*(L22>=PERSEN_PENGECOH)+($B22<>"D")*(P22>=PERSEN_PENGECOH)) -> 3 | U22: =IF($B22="","",IF(T22=3,"-",TRIM(IF(AND($B22<>"A",D22<PERSEN_PENGECOH),"A ","")&IF(AND($B22<>"B",H22<PERSEN_PENGECOH),"B ","")&IF(AND($B22<>"C",L22<PERSEN_PENGECOH),"C ","")&IF(AND($B22<>"D",P22<PERSEN_PENGECOH),"D ","")))) -> -
A23: 18 | B23: =ANALISIS!B23 -> A | C23: =IF($B23="","",COUNTIFS(JAWABAN!$V$6:$V$55,"A",SKOR!$AS$6:$AS$55,">=0")) -> 15 | D23: =IF($B23="","",IFERROR(C23/N_SISWA,0)) -> 0.48387097 | E23: =IF($B23="","",COUNTIFS(JAWABAN!$V$6:$V$55,"A",SKOR!$AW$6:$AW$55,"<="&N_GRUP)) -> 7 | F23: =IF($B23="","",COUNTIFS(JAWABAN!$V$6:$V$55,"A",SKOR!$AW$6:$AW$55,">"&(N_SISWA-N_GRUP))) -> 3 | G23: =IF($B23="","",COUNTIFS(JAWABAN!$V$6:$V$55,"B",SKOR!$AS$6:$AS$55,">=0")) -> 3 | H23: =IF($B23="","",IFERROR(G23/N_SISWA,0)) -> 0.096774194 | I23: =IF($B23="","",COUNTIFS(JAWABAN!$V$6:$V$55,"B",SKOR!$AW$6:$AW$55,"<="&N_GRUP)) -> 0 | J23: =IF($B23="","",COUNTIFS(JAWABAN!$V$6:$V$55,"B",SKOR!$AW$6:$AW$55,">"&(N_SISWA-N_GRUP))) -> 1 | K23: =IF($B23="","",COUNTIFS(JAWABAN!$V$6:$V$55,"C",SKOR!$AS$6:$AS$55,">=0")) -> 5 | L23: =IF($B23="","",IFERROR(K23/N_SISWA,0)) -> 0.16129032 | M23: =IF($B23="","",COUNTIFS(JAWABAN!$V$6:$V$55,"C",SKOR!$AW$6:$AW$55,"<="&N_GRUP)) -> 0 | N23: =IF($B23="","",COUNTIFS(JAWABAN!$V$6:$V$55,"C",SKOR!$AW$6:$AW$55,">"&(N_SISWA-N_GRUP))) -> 1 | O23: =IF($B23="","",COUNTIFS(JAWABAN!$V$6:$V$55,"D",SKOR!$AS$6:$AS$55,">=0")) -> 6 | P23: =IF($B23="","",IFERROR(O23/N_SISWA,0)) -> 0.19354839 | Q23: =IF($B23="","",COUNTIFS(JAWABAN!$V$6:$V$55,"D",SKOR!$AW$6:$AW$55,"<="&N_GRUP)) -> 1 | R23: =IF($B23="","",COUNTIFS(JAWABAN!$V$6:$V$55,"D",SKOR!$AW$6:$AW$55,">"&(N_SISWA-N_GRUP))) -> 2 | S23: =IF($B23="","",N_SISWA-(C23+G23+K23+O23)) -> 2 | T23: =IF($B23="","",($B23<>"A")*(D23>=PERSEN_PENGECOH)+($B23<>"B")*(H23>=PERSEN_PENGECOH)+($B23<>"C")*(L23>=PERSEN_PENGECOH)+($B23<>"D")*(P23>=PERSEN_PENGECOH)) -> 3 | U23: =IF($B23="","",IF(T23=3,"-",TRIM(IF(AND($B23<>"A",D23<PERSEN_PENGECOH),"A ","")&IF(AND($B23<>"B",H23<PERSEN_PENGECOH),"B ","")&IF(AND($B23<>"C",L23<PERSEN_PENGECOH),"C ","")&IF(AND($B23<>"D",P23<PERSEN_PENGECOH),"D ","")))) -> -
A24: 19 | B24: =ANALISIS!B24 -> C | C24: =IF($B24="","",COUNTIFS(JAWABAN!$W$6:$W$55,"A",SKOR!$AS$6:$AS$55,">=0")) -> 3 | D24: =IF($B24="","",IFERROR(C24/N_SISWA,0)) -> 0.096774194 | E24: =IF($B24="","",COUNTIFS(JAWABAN!$W$6:$W$55,"A",SKOR!$AW$6:$AW$55,"<="&N_GRUP)) -> 0 | F24: =IF($B24="","",COUNTIFS(JAWABAN!$W$6:$W$55,"A",SKOR!$AW$6:$AW$55,">"&(N_SISWA-N_GRUP))) -> 1 | G24: =IF($B24="","",COUNTIFS(JAWABAN!$W$6:$W$55,"B",SKOR!$AS$6:$AS$55,">=0")) -> 3 | H24: =IF($B24="","",IFERROR(G24/N_SISWA,0)) -> 0.096774194 | I24: =IF($B24="","",COUNTIFS(JAWABAN!$W$6:$W$55,"B",SKOR!$AW$6:$AW$55,"<="&N_GRUP)) -> 0 | J24: =IF($B24="","",COUNTIFS(JAWABAN!$W$6:$W$55,"B",SKOR!$AW$6:$AW$55,">"&(N_SISWA-N_GRUP))) -> 1 | K24: =IF($B24="","",COUNTIFS(JAWABAN!$W$6:$W$55,"C",SKOR!$AS$6:$AS$55,">=0")) -> 18 | L24: =IF($B24="","",IFERROR(K24/N_SISWA,0)) -> 0.58064516 | M24: =IF($B24="","",COUNTIFS(JAWABAN!$W$6:$W$55,"C",SKOR!$AW$6:$AW$55,"<="&N_GRUP)) -> 6 | N24: =IF($B24="","",COUNTIFS(JAWABAN!$W$6:$W$55,"C",SKOR!$AW$6:$AW$55,">"&(N_SISWA-N_GRUP))) -> 5 | O24: =IF($B24="","",COUNTIFS(JAWABAN!$W$6:$W$55,"D",SKOR!$AS$6:$AS$55,">=0")) -> 6 | P24: =IF($B24="","",IFERROR(O24/N_SISWA,0)) -> 0.19354839 | Q24: =IF($B24="","",COUNTIFS(JAWABAN!$W$6:$W$55,"D",SKOR!$AW$6:$AW$55,"<="&N_GRUP)) -> 2 | R24: =IF($B24="","",COUNTIFS(JAWABAN!$W$6:$W$55,"D",SKOR!$AW$6:$AW$55,">"&(N_SISWA-N_GRUP))) -> 1 | S24: =IF($B24="","",N_SISWA-(C24+G24+K24+O24)) -> 1 | T24: =IF($B24="","",($B24<>"A")*(D24>=PERSEN_PENGECOH)+($B24<>"B")*(H24>=PERSEN_PENGECOH)+($B24<>"C")*(L24>=PERSEN_PENGECOH)+($B24<>"D")*(P24>=PERSEN_PENGECOH)) -> 3 | U24: =IF($B24="","",IF(T24=3,"-",TRIM(IF(AND($B24<>"A",D24<PERSEN_PENGECOH),"A ","")&IF(AND($B24<>"B",H24<PERSEN_PENGECOH),"B ","")&IF(AND($B24<>"C",L24<PERSEN_PENGECOH),"C ","")&IF(AND($B24<>"D",P24<PERSEN_PENGECOH),"D ","")))) -> -
A25: 20 | B25: =ANALISIS!B25 -> B | C25: =IF($B25="","",COUNTIFS(JAWABAN!$X$6:$X$55,"A",SKOR!$AS$6:$AS$55,">=0")) -> 4 | D25: =IF($B25="","",IFERROR(C25/N_SISWA,0)) -> 0.12903226 | E25: =IF($B25="","",COUNTIFS(JAWABAN!$X$6:$X$55,"A",SKOR!$AW$6:$AW$55,"<="&N_GRUP)) -> 0 | F25: =IF($B25="","",COUNTIFS(JAWABAN!$X$6:$X$55,"A",SKOR!$AW$6:$AW$55,">"&(N_SISWA-N_GRUP))) -> 0 | G25: =IF($B25="","",COUNTIFS(JAWABAN!$X$6:$X$55,"B",SKOR!$AS$6:$AS$55,">=0")) -> 22 | H25: =IF($B25="","",IFERROR(G25/N_SISWA,0)) -> 0.70967742 | I25: =IF($B25="","",COUNTIFS(JAWABAN!$X$6:$X$55,"B",SKOR!$AW$6:$AW$55,"<="&N_GRUP)) -> 8 | J25: =IF($B25="","",COUNTIFS(JAWABAN!$X$6:$X$55,"B",SKOR!$AW$6:$AW$55,">"&(N_SISWA-N_GRUP))) -> 4 | K25: =IF($B25="","",COUNTIFS(JAWABAN!$X$6:$X$55,"C",SKOR!$AS$6:$AS$55,">=0")) -> 2 | L25: =IF($B25="","",IFERROR(K25/N_SISWA,0)) -> 0.064516129 | M25: =IF($B25="","",COUNTIFS(JAWABAN!$X$6:$X$55,"C",SKOR!$AW$6:$AW$55,"<="&N_GRUP)) -> 0 | N25: =IF($B25="","",COUNTIFS(JAWABAN!$X$6:$X$55,"C",SKOR!$AW$6:$AW$55,">"&(N_SISWA-N_GRUP))) -> 2 | O25: =IF($B25="","",COUNTIFS(JAWABAN!$X$6:$X$55,"D",SKOR!$AS$6:$AS$55,">=0")) -> 3 | P25: =IF($B25="","",IFERROR(O25/N_SISWA,0)) -> 0.096774194 | Q25: =IF($B25="","",COUNTIFS(JAWABAN!$X$6:$X$55,"D",SKOR!$AW$6:$AW$55,"<="&N_GRUP)) -> 0 | R25: =IF($B25="","",COUNTIFS(JAWABAN!$X$6:$X$55,"D",SKOR!$AW$6:$AW$55,">"&(N_SISWA-N_GRUP))) -> 2 | S25: =IF($B25="","",N_SISWA-(C25+G25+K25+O25)) -> 0 | T25: =IF($B25="","",($B25<>"A")*(D25>=PERSEN_PENGECOH)+($B25<>"B")*(H25>=PERSEN_PENGECOH)+($B25<>"C")*(L25>=PERSEN_PENGECOH)+($B25<>"D")*(P25>=PERSEN_PENGECOH)) -> 3 | U25: =IF($B25="","",IF(T25=3,"-",TRIM(IF(AND($B25<>"A",D25<PERSEN_PENGECOH),"A ","")&IF(AND($B25<>"B",H25<PERSEN_PENGECOH),"B ","")&IF(AND($B25<>"C",L25<PERSEN_PENGECOH),"C ","")&IF(AND($B25<>"D",P25<PERSEN_PENGECOH),"D ","")))) -> -
A26: 21 | B26: =ANALISIS!B26 -> D | C26: =IF($B26="","",COUNTIFS(JAWABAN!$Y$6:$Y$55,"A",SKOR!$AS$6:$AS$55,">=0")) -> 3 | D26: =IF($B26="","",IFERROR(C26/N_SISWA,0)) -> 0.096774194 | E26: =IF($B26="","",COUNTIFS(JAWABAN!$Y$6:$Y$55,"A",SKOR!$AW$6:$AW$55,"<="&N_GRUP)) -> 1 | F26: =IF($B26="","",COUNTIFS(JAWABAN!$Y$6:$Y$55,"A",SKOR!$AW$6:$AW$55,">"&(N_SISWA-N_GRUP))) -> 2 | G26: =IF($B26="","",COUNTIFS(JAWABAN!$Y$6:$Y$55,"B",SKOR!$AS$6:$AS$55,">=0")) -> 3 | H26: =IF($B26="","",IFERROR(G26/N_SISWA,0)) -> 0.096774194 | I26: =IF($B26="","",COUNTIFS(JAWABAN!$Y$6:$Y$55,"B",SKOR!$AW$6:$AW$55,"<="&N_GRUP)) -> 0 | J26: =IF($B26="","",COUNTIFS(JAWABAN!$Y$6:$Y$55,"B",SKOR!$AW$6:$AW$55,">"&(N_SISWA-N_GRUP))) -> 2 | K26: =IF($B26="","",COUNTIFS(JAWABAN!$Y$6:$Y$55,"C",SKOR!$AS$6:$AS$55,">=0")) -> 6 | L26: =IF($B26="","",IFERROR(K26/N_SISWA,0)) -> 0.19354839 | M26: =IF($B26="","",COUNTIFS(JAWABAN!$Y$6:$Y$55,"C",SKOR!$AW$6:$AW$55,"<="&N_GRUP)) -> 0 | N26: =IF($B26="","",COUNTIFS(JAWABAN!$Y$6:$Y$55,"C",SKOR!$AW$6:$AW$55,">"&(N_SISWA-N_GRUP))) -> 1 | O26: =IF($B26="","",COUNTIFS(JAWABAN!$Y$6:$Y$55,"D",SKOR!$AS$6:$AS$55,">=0")) -> 18 | P26: =IF($B26="","",IFERROR(O26/N_SISWA,0)) -> 0.58064516 | Q26: =IF($B26="","",COUNTIFS(JAWABAN!$Y$6:$Y$55,"D",SKOR!$AW$6:$AW$55,"<="&N_GRUP)) -> 7 | R26: =IF($B26="","",COUNTIFS(JAWABAN!$Y$6:$Y$55,"D",SKOR!$AW$6:$AW$55,">"&(N_SISWA-N_GRUP))) -> 3 | S26: =IF($B26="","",N_SISWA-(C26+G26+K26+O26)) -> 1 | T26: =IF($B26="","",($B26<>"A")*(D26>=PERSEN_PENGECOH)+($B26<>"B")*(H26>=PERSEN_PENGECOH)+($B26<>"C")*(L26>=PERSEN_PENGECOH)+($B26<>"D")*(P26>=PERSEN_PENGECOH)) -> 3 | U26: =IF($B26="","",IF(T26=3,"-",TRIM(IF(AND($B26<>"A",D26<PERSEN_PENGECOH),"A ","")&IF(AND($B26<>"B",H26<PERSEN_PENGECOH),"B ","")&IF(AND($B26<>"C",L26<PERSEN_PENGECOH),"C ","")&IF(AND($B26<>"D",P26<PERSEN_PENGECOH),"D ","")))) -> -
A27: 22 | B27: =ANALISIS!B27 -> D | C27: =IF($B27="","",COUNTIFS(JAWABAN!$Z$6:$Z$55,"A",SKOR!$AS$6:$AS$55,">=0")) -> 1 | D27: =IF($B27="","",IFERROR(C27/N_SISWA,0)) -> 0.032258065 | E27: =IF($B27="","",COUNTIFS(JAWABAN!$Z$6:$Z$55,"A",SKOR!$AW$6:$AW$55,"<="&N_GRUP)) -> 0 | F27: =IF($B27="","",COUNTIFS(JAWABAN!$Z$6:$Z$55,"A",SKOR!$AW$6:$AW$55,">"&(N_SISWA-N_GRUP))) -> 0 | G27: =IF($B27="","",COUNTIFS(JAWABAN!$Z$6:$Z$55,"B",SKOR!$AS$6:$AS$55,">=0")) -> 0 | H27: =IF($B27="","",IFERROR(G27/N_SISWA,0)) -> 0 | I27: =IF($B27="","",COUNTIFS(JAWABAN!$Z$6:$Z$55,"B",SKOR!$AW$6:$AW$55,"<="&N_GRUP)) -> 0 | J27: =IF($B27="","",COUNTIFS(JAWABAN!$Z$6:$Z$55,"B",SKOR!$AW$6:$AW$55,">"&(N_SISWA-N_GRUP))) -> 0 | K27: =IF($B27="","",COUNTIFS(JAWABAN!$Z$6:$Z$55,"C",SKOR!$AS$6:$AS$55,">=0")) -> 9 | L27: =IF($B27="","",IFERROR(K27/N_SISWA,0)) -> 0.29032258 | M27: =IF($B27="","",COUNTIFS(JAWABAN!$Z$6:$Z$55,"C",SKOR!$AW$6:$AW$55,"<="&N_GRUP)) -> 2 | N27: =IF($B27="","",COUNTIFS(JAWABAN!$Z$6:$Z$55,"C",SKOR!$AW$6:$AW$55,">"&(N_SISWA-N_GRUP))) -> 4 | O27: =IF($B27="","",COUNTIFS(JAWABAN!$Z$6:$Z$55,"D",SKOR!$AS$6:$AS$55,">=0")) -> 20 | P27: =IF($B27="","",IFERROR(O27/N_SISWA,0)) -> 0.64516129 | Q27: =IF($B27="","",COUNTIFS(JAWABAN!$Z$6:$Z$55,"D",SKOR!$AW$6:$AW$55,"<="&N_GRUP)) -> 6 | R27: =IF($B27="","",COUNTIFS(JAWABAN!$Z$6:$Z$55,"D",SKOR!$AW$6:$AW$55,">"&(N_SISWA-N_GRUP))) -> 4 | S27: =IF($B27="","",N_SISWA-(C27+G27+K27+O27)) -> 1 | T27: =IF($B27="","",($B27<>"A")*(D27>=PERSEN_PENGECOH)+($B27<>"B")*(H27>=PERSEN_PENGECOH)+($B27<>"C")*(L27>=PERSEN_PENGECOH)+($B27<>"D")*(P27>=PERSEN_PENGECOH)) -> 1 | U27: =IF($B27="","",IF(T27=3,"-",TRIM(IF(AND($B27<>"A",D27<PERSEN_PENGECOH),"A ","")&IF(AND($B27<>"B",H27<PERSEN_PENGECOH),"B ","")&IF(AND($B27<>"C",L27<PERSEN_PENGECOH),"C ","")&IF(AND($B27<>"D",P27<PERSEN_PENGECOH),"D ","")))) -> A B
A28: 23 | B28: =ANALISIS!B28 -> A | C28: =IF($B28="","",COUNTIFS(JAWABAN!$AA$6:$AA$55,"A",SKOR!$AS$6:$AS$55,">=0")) -> 22 | D28: =IF($B28="","",IFERROR(C28/N_SISWA,0)) -> 0.70967742 | E28: =IF($B28="","",COUNTIFS(JAWABAN!$AA$6:$AA$55,"A",SKOR!$AW$6:$AW$55,"<="&N_GRUP)) -> 6 | F28: =IF($B28="","",COUNTIFS(JAWABAN!$AA$6:$AA$55,"A",SKOR!$AW$6:$AW$55,">"&(N_SISWA-N_GRUP))) -> 5 | G28: =IF($B28="","",COUNTIFS(JAWABAN!$AA$6:$AA$55,"B",SKOR!$AS$6:$AS$55,">=0")) -> 2 | H28: =IF($B28="","",IFERROR(G28/N_SISWA,0)) -> 0.064516129 | I28: =IF($B28="","",COUNTIFS(JAWABAN!$AA$6:$AA$55,"B",SKOR!$AW$6:$AW$55,"<="&N_GRUP)) -> 0 | J28: =IF($B28="","",COUNTIFS(JAWABAN!$AA$6:$AA$55,"B",SKOR!$AW$6:$AW$55,">"&(N_SISWA-N_GRUP))) -> 1 | K28: =IF($B28="","",COUNTIFS(JAWABAN!$AA$6:$AA$55,"C",SKOR!$AS$6:$AS$55,">=0")) -> 3 | L28: =IF($B28="","",IFERROR(K28/N_SISWA,0)) -> 0.096774194 | M28: =IF($B28="","",COUNTIFS(JAWABAN!$AA$6:$AA$55,"C",SKOR!$AW$6:$AW$55,"<="&N_GRUP)) -> 0 | N28: =IF($B28="","",COUNTIFS(JAWABAN!$AA$6:$AA$55,"C",SKOR!$AW$6:$AW$55,">"&(N_SISWA-N_GRUP))) -> 2 | O28: =IF($B28="","",COUNTIFS(JAWABAN!$AA$6:$AA$55,"D",SKOR!$AS$6:$AS$55,">=0")) -> 2 | P28: =IF($B28="","",IFERROR(O28/N_SISWA,0)) -> 0.064516129 | Q28: =IF($B28="","",COUNTIFS(JAWABAN!$AA$6:$AA$55,"D",SKOR!$AW$6:$AW$55,"<="&N_GRUP)) -> 0 | R28: =IF($B28="","",COUNTIFS(JAWABAN!$AA$6:$AA$55,"D",SKOR!$AW$6:$AW$55,">"&(N_SISWA-N_GRUP))) -> 0 | S28: =IF($B28="","",N_SISWA-(C28+G28+K28+O28)) -> 2 | T28: =IF($B28="","",($B28<>"A")*(D28>=PERSEN_PENGECOH)+($B28<>"B")*(H28>=PERSEN_PENGECOH)+($B28<>"C")*(L28>=PERSEN_PENGECOH)+($B28<>"D")*(P28>=PERSEN_PENGECOH)) -> 3 | U28: =IF($B28="","",IF(T28=3,"-",TRIM(IF(AND($B28<>"A",D28<PERSEN_PENGECOH),"A ","")&IF(AND($B28<>"B",H28<PERSEN_PENGECOH),"B ","")&IF(AND($B28<>"C",L28<PERSEN_PENGECOH),"C ","")&IF(AND($B28<>"D",P28<PERSEN_PENGECOH),"D ","")))) -> -
A29: 24 | B29: =ANALISIS!B29 -> C | C29: =IF($B29="","",COUNTIFS(JAWABAN!$AB$6:$AB$55,"A",SKOR!$AS$6:$AS$55,">=0")) -> 8 | D29: =IF($B29="","",IFERROR(C29/N_SISWA,0)) -> 0.25806452 | E29: =IF($B29="","",COUNTIFS(JAWABAN!$AB$6:$AB$55,"A",SKOR!$AW$6:$AW$55,"<="&N_GRUP)) -> 1 | F29: =IF($B29="","",COUNTIFS(JAWABAN!$AB$6:$AB$55,"A",SKOR!$AW$6:$AW$55,">"&(N_SISWA-N_GRUP))) -> 5 | G29: =IF($B29="","",COUNTIFS(JAWABAN!$AB$6:$AB$55,"B",SKOR!$AS$6:$AS$55,">=0")) -> 1 | H29: =IF($B29="","",IFERROR(G29/N_SISWA,0)) -> 0.032258065 | I29: =IF($B29="","",COUNTIFS(JAWABAN!$AB$6:$AB$55,"B",SKOR!$AW$6:$AW$55,"<="&N_GRUP)) -> 0 | J29: =IF($B29="","",COUNTIFS(JAWABAN!$AB$6:$AB$55,"B",SKOR!$AW$6:$AW$55,">"&(N_SISWA-N_GRUP))) -> 1 | K29: =IF($B29="","",COUNTIFS(JAWABAN!$AB$6:$AB$55,"C",SKOR!$AS$6:$AS$55,">=0")) -> 21 | L29: =IF($B29="","",IFERROR(K29/N_SISWA,0)) -> 0.67741935 | M29: =IF($B29="","",COUNTIFS(JAWABAN!$AB$6:$AB$55,"C",SKOR!$AW$6:$AW$55,"<="&N_GRUP)) -> 7 | N29: =IF($B29="","",COUNTIFS(JAWABAN!$AB$6:$AB$55,"C",SKOR!$AW$6:$AW$55,">"&(N_SISWA-N_GRUP))) -> 2 | O29: =IF($B29="","",COUNTIFS(JAWABAN!$AB$6:$AB$55,"D",SKOR!$AS$6:$AS$55,">=0")) -> 1 | P29: =IF($B29="","",IFERROR(O29/N_SISWA,0)) -> 0.032258065 | Q29: =IF($B29="","",COUNTIFS(JAWABAN!$AB$6:$AB$55,"D",SKOR!$AW$6:$AW$55,"<="&N_GRUP)) -> 0 | R29: =IF($B29="","",COUNTIFS(JAWABAN!$AB$6:$AB$55,"D",SKOR!$AW$6:$AW$55,">"&(N_SISWA-N_GRUP))) -> 0 | S29: =IF($B29="","",N_SISWA-(C29+G29+K29+O29)) -> 0 | T29: =IF($B29="","",($B29<>"A")*(D29>=PERSEN_PENGECOH)+($B29<>"B")*(H29>=PERSEN_PENGECOH)+($B29<>"C")*(L29>=PERSEN_PENGECOH)+($B29<>"D")*(P29>=PERSEN_PENGECOH)) -> 1 | U29: =IF($B29="","",IF(T29=3,"-",TRIM(IF(AND($B29<>"A",D29<PERSEN_PENGECOH),"A ","")&IF(AND($B29<>"B",H29<PERSEN_PENGECOH),"B ","")&IF(AND($B29<>"C",L29<PERSEN_PENGECOH),"C ","")&IF(AND($B29<>"D",P29<PERSEN_PENGECOH),"D ","")))) -> B D
A30: 25 | B30: =ANALISIS!B30 -> D | C30: =IF($B30="","",COUNTIFS(JAWABAN!$AC$6:$AC$55,"A",SKOR!$AS$6:$AS$55,">=0")) -> 3 | D30: =IF($B30="","",IFERROR(C30/N_SISWA,0)) -> 0.096774194 | E30: =IF($B30="","",COUNTIFS(JAWABAN!$AC$6:$AC$55,"A",SKOR!$AW$6:$AW$55,"<="&N_GRUP)) -> 2 | F30: =IF($B30="","",COUNTIFS(JAWABAN!$AC$6:$AC$55,"A",SKOR!$AW$6:$AW$55,">"&(N_SISWA-N_GRUP))) -> 1 | G30: =IF($B30="","",COUNTIFS(JAWABAN!$AC$6:$AC$55,"B",SKOR!$AS$6:$AS$55,">=0")) -> 5 | H30: =IF($B30="","",IFERROR(G30/N_SISWA,0)) -> 0.16129032 | I30: =IF($B30="","",COUNTIFS(JAWABAN!$AC$6:$AC$55,"B",SKOR!$AW$6:$AW$55,"<="&N_GRUP)) -> 1 | J30: =IF($B30="","",COUNTIFS(JAWABAN!$AC$6:$AC$55,"B",SKOR!$AW$6:$AW$55,">"&(N_SISWA-N_GRUP))) -> 0 | K30: =IF($B30="","",COUNTIFS(JAWABAN!$AC$6:$AC$55,"C",SKOR!$AS$6:$AS$55,">=0")) -> 4 | L30: =IF($B30="","",IFERROR(K30/N_SISWA,0)) -> 0.12903226 | M30: =IF($B30="","",COUNTIFS(JAWABAN!$AC$6:$AC$55,"C",SKOR!$AW$6:$AW$55,"<="&N_GRUP)) -> 0 | N30: =IF($B30="","",COUNTIFS(JAWABAN!$AC$6:$AC$55,"C",SKOR!$AW$6:$AW$55,">"&(N_SISWA-N_GRUP))) -> 2 | O30: =IF($B30="","",COUNTIFS(JAWABAN!$AC$6:$AC$55,"D",SKOR!$AS$6:$AS$55,">=0")) -> 19 | P30: =IF($B30="","",IFERROR(O30/N_SISWA,0)) -> 0.61290323 | Q30: =IF($B30="","",COUNTIFS(JAWABAN!$AC$6:$AC$55,"D",SKOR!$AW$6:$AW$55,"<="&N_GRUP)) -> 5 | R30: =IF($B30="","",COUNTIFS(JAWABAN!$AC$6:$AC$55,"D",SKOR!$AW$6:$AW$55,">"&(N_SISWA-N_GRUP))) -> 5 | S30: =IF($B30="","",N_SISWA-(C30+G30+K30+O30)) -> 0 | T30: =IF($B30="","",($B30<>"A")*(D30>=PERSEN_PENGECOH)+($B30<>"B")*(H30>=PERSEN_PENGECOH)+($B30<>"C")*(L30>=PERSEN_PENGECOH)+($B30<>"D")*(P30>=PERSEN_PENGECOH)) -> 3 | U30: =IF($B30="","",IF(T30=3,"-",TRIM(IF(AND($B30<>"A",D30<PERSEN_PENGECOH),"A ","")&IF(AND($B30<>"B",H30<PERSEN_PENGECOH),"B ","")&IF(AND($B30<>"C",L30<PERSEN_PENGECOH),"C ","")&IF(AND($B30<>"D",P30<PERSEN_PENGECOH),"D ","")))) -> -
A31: 26 | B31: =ANALISIS!B31 -> C | C31: =IF($B31="","",COUNTIFS(JAWABAN!$AD$6:$AD$55,"A",SKOR!$AS$6:$AS$55,">=0")) -> 4 | D31: =IF($B31="","",IFERROR(C31/N_SISWA,0)) -> 0.12903226 | E31: =IF($B31="","",COUNTIFS(JAWABAN!$AD$6:$AD$55,"A",SKOR!$AW$6:$AW$55,"<="&N_GRUP)) -> 1 | F31: =IF($B31="","",COUNTIFS(JAWABAN!$AD$6:$AD$55,"A",SKOR!$AW$6:$AW$55,">"&(N_SISWA-N_GRUP))) -> 0 | G31: =IF($B31="","",COUNTIFS(JAWABAN!$AD$6:$AD$55,"B",SKOR!$AS$6:$AS$55,">=0")) -> 4 | H31: =IF($B31="","",IFERROR(G31/N_SISWA,0)) -> 0.12903226 | I31: =IF($B31="","",COUNTIFS(JAWABAN!$AD$6:$AD$55,"B",SKOR!$AW$6:$AW$55,"<="&N_GRUP)) -> 0 | J31: =IF($B31="","",COUNTIFS(JAWABAN!$AD$6:$AD$55,"B",SKOR!$AW$6:$AW$55,">"&(N_SISWA-N_GRUP))) -> 4 | K31: =IF($B31="","",COUNTIFS(JAWABAN!$AD$6:$AD$55,"C",SKOR!$AS$6:$AS$55,">=0")) -> 18 | L31: =IF($B31="","",IFERROR(K31/N_SISWA,0)) -> 0.58064516 | M31: =IF($B31="","",COUNTIFS(JAWABAN!$AD$6:$AD$55,"C",SKOR!$AW$6:$AW$55,"<="&N_GRUP)) -> 6 | N31: =IF($B31="","",COUNTIFS(JAWABAN!$AD$6:$AD$55,"C",SKOR!$AW$6:$AW$55,">"&(N_SISWA-N_GRUP))) -> 3 | O31: =IF($B31="","",COUNTIFS(JAWABAN!$AD$6:$AD$55,"D",SKOR!$AS$6:$AS$55,">=0")) -> 4 | P31: =IF($B31="","",IFERROR(O31/N_SISWA,0)) -> 0.12903226 | Q31: =IF($B31="","",COUNTIFS(JAWABAN!$AD$6:$AD$55,"D",SKOR!$AW$6:$AW$55,"<="&N_GRUP)) -> 0 | R31: =IF($B31="","",COUNTIFS(JAWABAN!$AD$6:$AD$55,"D",SKOR!$AW$6:$AW$55,">"&(N_SISWA-N_GRUP))) -> 1 | S31: =IF($B31="","",N_SISWA-(C31+G31+K31+O31)) -> 1 | T31: =IF($B31="","",($B31<>"A")*(D31>=PERSEN_PENGECOH)+($B31<>"B")*(H31>=PERSEN_PENGECOH)+($B31<>"C")*(L31>=PERSEN_PENGECOH)+($B31<>"D")*(P31>=PERSEN_PENGECOH)) -> 3 | U31: =IF($B31="","",IF(T31=3,"-",TRIM(IF(AND($B31<>"A",D31<PERSEN_PENGECOH),"A ","")&IF(AND($B31<>"B",H31<PERSEN_PENGECOH),"B ","")&IF(AND($B31<>"C",L31<PERSEN_PENGECOH),"C ","")&IF(AND($B31<>"D",P31<PERSEN_PENGECOH),"D ","")))) -> -
A32: 27 | B32: =ANALISIS!B32 -> C | C32: =IF($B32="","",COUNTIFS(JAWABAN!$AE$6:$AE$55,"A",SKOR!$AS$6:$AS$55,">=0")) -> 4 | D32: =IF($B32="","",IFERROR(C32/N_SISWA,0)) -> 0.12903226 | E32: =IF($B32="","",COUNTIFS(JAWABAN!$AE$6:$AE$55,"A",SKOR!$AW$6:$AW$55,"<="&N_GRUP)) -> 1 | F32: =IF($B32="","",COUNTIFS(JAWABAN!$AE$6:$AE$55,"A",SKOR!$AW$6:$AW$55,">"&(N_SISWA-N_GRUP))) -> 1 | G32: =IF($B32="","",COUNTIFS(JAWABAN!$AE$6:$AE$55,"B",SKOR!$AS$6:$AS$55,">=0")) -> 4 | H32: =IF($B32="","",IFERROR(G32/N_SISWA,0)) -> 0.12903226 | I32: =IF($B32="","",COUNTIFS(JAWABAN!$AE$6:$AE$55,"B",SKOR!$AW$6:$AW$55,"<="&N_GRUP)) -> 0 | J32: =IF($B32="","",COUNTIFS(JAWABAN!$AE$6:$AE$55,"B",SKOR!$AW$6:$AW$55,">"&(N_SISWA-N_GRUP))) -> 1 | K32: =IF($B32="","",COUNTIFS(JAWABAN!$AE$6:$AE$55,"C",SKOR!$AS$6:$AS$55,">=0")) -> 18 | L32: =IF($B32="","",IFERROR(K32/N_SISWA,0)) -> 0.58064516 | M32: =IF($B32="","",COUNTIFS(JAWABAN!$AE$6:$AE$55,"C",SKOR!$AW$6:$AW$55,"<="&N_GRUP)) -> 7 | N32: =IF($B32="","",COUNTIFS(JAWABAN!$AE$6:$AE$55,"C",SKOR!$AW$6:$AW$55,">"&(N_SISWA-N_GRUP))) -> 3 | O32: =IF($B32="","",COUNTIFS(JAWABAN!$AE$6:$AE$55,"D",SKOR!$AS$6:$AS$55,">=0")) -> 4 | P32: =IF($B32="","",IFERROR(O32/N_SISWA,0)) -> 0.12903226 | Q32: =IF($B32="","",COUNTIFS(JAWABAN!$AE$6:$AE$55,"D",SKOR!$AW$6:$AW$55,"<="&N_GRUP)) -> 0 | R32: =IF($B32="","",COUNTIFS(JAWABAN!$AE$6:$AE$55,"D",SKOR!$AW$6:$AW$55,">"&(N_SISWA-N_GRUP))) -> 3 | S32: =IF($B32="","",N_SISWA-(C32+G32+K32+O32)) -> 1 | T32: =IF($B32="","",($B32<>"A")*(D32>=PERSEN_PENGECOH)+($B32<>"B")*(H32>=PERSEN_PENGECOH)+($B32<>"C")*(L32>=PERSEN_PENGECOH)+($B32<>"D")*(P32>=PERSEN_PENGECOH)) -> 3 | U32: =IF($B32="","",IF(T32=3,"-",TRIM(IF(AND($B32<>"A",D32<PERSEN_PENGECOH),"A ","")&IF(AND($B32<>"B",H32<PERSEN_PENGECOH),"B ","")&IF(AND($B32<>"C",L32<PERSEN_PENGECOH),"C ","")&IF(AND($B32<>"D",P32<PERSEN_PENGECOH),"D ","")))) -> -
A33: 28 | B33: =ANALISIS!B33 -> C | C33: =IF($B33="","",COUNTIFS(JAWABAN!$AF$6:$AF$55,"A",SKOR!$AS$6:$AS$55,">=0")) -> 3 | D33: =IF($B33="","",IFERROR(C33/N_SISWA,0)) -> 0.096774194 | E33: =IF($B33="","",COUNTIFS(JAWABAN!$AF$6:$AF$55,"A",SKOR!$AW$6:$AW$55,"<="&N_GRUP)) -> 1 | F33: =IF($B33="","",COUNTIFS(JAWABAN!$AF$6:$AF$55,"A",SKOR!$AW$6:$AW$55,">"&(N_SISWA-N_GRUP))) -> 1 | G33: =IF($B33="","",COUNTIFS(JAWABAN!$AF$6:$AF$55,"B",SKOR!$AS$6:$AS$55,">=0")) -> 7 | H33: =IF($B33="","",IFERROR(G33/N_SISWA,0)) -> 0.22580645 | I33: =IF($B33="","",COUNTIFS(JAWABAN!$AF$6:$AF$55,"B",SKOR!$AW$6:$AW$55,"<="&N_GRUP)) -> 2 | J33: =IF($B33="","",COUNTIFS(JAWABAN!$AF$6:$AF$55,"B",SKOR!$AW$6:$AW$55,">"&(N_SISWA-N_GRUP))) -> 3 | K33: =IF($B33="","",COUNTIFS(JAWABAN!$AF$6:$AF$55,"C",SKOR!$AS$6:$AS$55,">=0")) -> 13 | L33: =IF($B33="","",IFERROR(K33/N_SISWA,0)) -> 0.41935484 | M33: =IF($B33="","",COUNTIFS(JAWABAN!$AF$6:$AF$55,"C",SKOR!$AW$6:$AW$55,"<="&N_GRUP)) -> 5 | N33: =IF($B33="","",COUNTIFS(JAWABAN!$AF$6:$AF$55,"C",SKOR!$AW$6:$AW$55,">"&(N_SISWA-N_GRUP))) -> 1 | O33: =IF($B33="","",COUNTIFS(JAWABAN!$AF$6:$AF$55,"D",SKOR!$AS$6:$AS$55,">=0")) -> 6 | P33: =IF($B33="","",IFERROR(O33/N_SISWA,0)) -> 0.19354839 | Q33: =IF($B33="","",COUNTIFS(JAWABAN!$AF$6:$AF$55,"D",SKOR!$AW$6:$AW$55,"<="&N_GRUP)) -> 0 | R33: =IF($B33="","",COUNTIFS(JAWABAN!$AF$6:$AF$55,"D",SKOR!$AW$6:$AW$55,">"&(N_SISWA-N_GRUP))) -> 2 | S33: =IF($B33="","",N_SISWA-(C33+G33+K33+O33)) -> 2 | T33: =IF($B33="","",($B33<>"A")*(D33>=PERSEN_PENGECOH)+($B33<>"B")*(H33>=PERSEN_PENGECOH)+($B33<>"C")*(L33>=PERSEN_PENGECOH)+($B33<>"D")*(P33>=PERSEN_PENGECOH)) -> 3 | U33: =IF($B33="","",IF(T33=3,"-",TRIM(IF(AND($B33<>"A",D33<PERSEN_PENGECOH),"A ","")&IF(AND($B33<>"B",H33<PERSEN_PENGECOH),"B ","")&IF(AND($B33<>"C",L33<PERSEN_PENGECOH),"C ","")&IF(AND($B33<>"D",P33<PERSEN_PENGECOH),"D ","")))) -> -
A34: 29 | B34: =ANALISIS!B34 -> D | C34: =IF($B34="","",COUNTIFS(JAWABAN!$AG$6:$AG$55,"A",SKOR!$AS$6:$AS$55,">=0")) -> 5 | D34: =IF($B34="","",IFERROR(C34/N_SISWA,0)) -> 0.16129032 | E34: =IF($B34="","",COUNTIFS(JAWABAN!$AG$6:$AG$55,"A",SKOR!$AW$6:$AW$55,"<="&N_GRUP)) -> 0 | F34: =IF($B34="","",COUNTIFS(JAWABAN!$AG$6:$AG$55,"A",SKOR!$AW$6:$AW$55,">"&(N_SISWA-N_GRUP))) -> 2 | G34: =IF($B34="","",COUNTIFS(JAWABAN!$AG$6:$AG$55,"B",SKOR!$AS$6:$AS$55,">=0")) -> 3 | H34: =IF($B34="","",IFERROR(G34/N_SISWA,0)) -> 0.096774194 | I34: =IF($B34="","",COUNTIFS(JAWABAN!$AG$6:$AG$55,"B",SKOR!$AW$6:$AW$55,"<="&N_GRUP)) -> 0 | J34: =IF($B34="","",COUNTIFS(JAWABAN!$AG$6:$AG$55,"B",SKOR!$AW$6:$AW$55,">"&(N_SISWA-N_GRUP))) -> 1 | K34: =IF($B34="","",COUNTIFS(JAWABAN!$AG$6:$AG$55,"C",SKOR!$AS$6:$AS$55,">=0")) -> 6 | L34: =IF($B34="","",IFERROR(K34/N_SISWA,0)) -> 0.19354839 | M34: =IF($B34="","",COUNTIFS(JAWABAN!$AG$6:$AG$55,"C",SKOR!$AW$6:$AW$55,"<="&N_GRUP)) -> 0 | N34: =IF($B34="","",COUNTIFS(JAWABAN!$AG$6:$AG$55,"C",SKOR!$AW$6:$AW$55,">"&(N_SISWA-N_GRUP))) -> 2 | O34: =IF($B34="","",COUNTIFS(JAWABAN!$AG$6:$AG$55,"D",SKOR!$AS$6:$AS$55,">=0")) -> 17 | P34: =IF($B34="","",IFERROR(O34/N_SISWA,0)) -> 0.5483871 | Q34: =IF($B34="","",COUNTIFS(JAWABAN!$AG$6:$AG$55,"D",SKOR!$AW$6:$AW$55,"<="&N_GRUP)) -> 8 | R34: =IF($B34="","",COUNTIFS(JAWABAN!$AG$6:$AG$55,"D",SKOR!$AW$6:$AW$55,">"&(N_SISWA-N_GRUP))) -> 3 | S34: =IF($B34="","",N_SISWA-(C34+G34+K34+O34)) -> 0 | T34: =IF($B34="","",($B34<>"A")*(D34>=PERSEN_PENGECOH)+($B34<>"B")*(H34>=PERSEN_PENGECOH)+($B34<>"C")*(L34>=PERSEN_PENGECOH)+($B34<>"D")*(P34>=PERSEN_PENGECOH)) -> 3 | U34: =IF($B34="","",IF(T34=3,"-",TRIM(IF(AND($B34<>"A",D34<PERSEN_PENGECOH),"A ","")&IF(AND($B34<>"B",H34<PERSEN_PENGECOH),"B ","")&IF(AND($B34<>"C",L34<PERSEN_PENGECOH),"C ","")&IF(AND($B34<>"D",P34<PERSEN_PENGECOH),"D ","")))) -> -
A35: 30 | B35: =ANALISIS!B35 -> D | C35: =IF($B35="","",COUNTIFS(JAWABAN!$AH$6:$AH$55,"A",SKOR!$AS$6:$AS$55,">=0")) -> 7 | D35: =IF($B35="","",IFERROR(C35/N_SISWA,0)) -> 0.22580645 | E35: =IF($B35="","",COUNTIFS(JAWABAN!$AH$6:$AH$55,"A",SKOR!$AW$6:$AW$55,"<="&N_GRUP)) -> 0 | F35: =IF($B35="","",COUNTIFS(JAWABAN!$AH$6:$AH$55,"A",SKOR!$AW$6:$AW$55,">"&(N_SISWA-N_GRUP))) -> 3 | G35: =IF($B35="","",COUNTIFS(JAWABAN!$AH$6:$AH$55,"B",SKOR!$AS$6:$AS$55,">=0")) -> 0 | H35: =IF($B35="","",IFERROR(G35/N_SISWA,0)) -> 0 | I35: =IF($B35="","",COUNTIFS(JAWABAN!$AH$6:$AH$55,"B",SKOR!$AW$6:$AW$55,"<="&N_GRUP)) -> 0 | J35: =IF($B35="","",COUNTIFS(JAWABAN!$AH$6:$AH$55,"B",SKOR!$AW$6:$AW$55,">"&(N_SISWA-N_GRUP))) -> 0 | K35: =IF($B35="","",COUNTIFS(JAWABAN!$AH$6:$AH$55,"C",SKOR!$AS$6:$AS$55,">=0")) -> 2 | L35: =IF($B35="","",IFERROR(K35/N_SISWA,0)) -> 0.064516129 | M35: =IF($B35="","",COUNTIFS(JAWABAN!$AH$6:$AH$55,"C",SKOR!$AW$6:$AW$55,"<="&N_GRUP)) -> 0 | N35: =IF($B35="","",COUNTIFS(JAWABAN!$AH$6:$AH$55,"C",SKOR!$AW$6:$AW$55,">"&(N_SISWA-N_GRUP))) -> 1 | O35: =IF($B35="","",COUNTIFS(JAWABAN!$AH$6:$AH$55,"D",SKOR!$AS$6:$AS$55,">=0")) -> 20 | P35: =IF($B35="","",IFERROR(O35/N_SISWA,0)) -> 0.64516129 | Q35: =IF($B35="","",COUNTIFS(JAWABAN!$AH$6:$AH$55,"D",SKOR!$AW$6:$AW$55,"<="&N_GRUP)) -> 7 | R35: =IF($B35="","",COUNTIFS(JAWABAN!$AH$6:$AH$55,"D",SKOR!$AW$6:$AW$55,">"&(N_SISWA-N_GRUP))) -> 4 | S35: =IF($B35="","",N_SISWA-(C35+G35+K35+O35)) -> 2 | T35: =IF($B35="","",($B35<>"A")*(D35>=PERSEN_PENGECOH)+($B35<>"B")*(H35>=PERSEN_PENGECOH)+($B35<>"C")*(L35>=PERSEN_PENGECOH)+($B35<>"D")*(P35>=PERSEN_PENGECOH)) -> 2 | U35: =IF($B35="","",IF(T35=3,"-",TRIM(IF(AND($B35<>"A",D35<PERSEN_PENGECOH),"A ","")&IF(AND($B35<>"B",H35<PERSEN_PENGECOH),"B ","")&IF(AND($B35<>"C",L35<PERSEN_PENGECOH),"C ","")&IF(AND($B35<>"D",P35<PERSEN_PENGECOH),"D ","")))) -> B
A36: 31 | B36: =ANALISIS!B36 -> B | C36: =IF($B36="","",COUNTIFS(JAWABAN!$AI$6:$AI$55,"A",SKOR!$AS$6:$AS$55,">=0")) -> 3 | D36: =IF($B36="","",IFERROR(C36/N_SISWA,0)) -> 0.096774194 | E36: =IF($B36="","",COUNTIFS(JAWABAN!$AI$6:$AI$55,"A",SKOR!$AW$6:$AW$55,"<="&N_GRUP)) -> 1 | F36: =IF($B36="","",COUNTIFS(JAWABAN!$AI$6:$AI$55,"A",SKOR!$AW$6:$AW$55,">"&(N_SISWA-N_GRUP))) -> 0 | G36: =IF($B36="","",COUNTIFS(JAWABAN!$AI$6:$AI$55,"B",SKOR!$AS$6:$AS$55,">=0")) -> 20 | H36: =IF($B36="","",IFERROR(G36/N_SISWA,0)) -> 0.64516129 | I36: =IF($B36="","",COUNTIFS(JAWABAN!$AI$6:$AI$55,"B",SKOR!$AW$6:$AW$55,"<="&N_GRUP)) -> 5 | J36: =IF($B36="","",COUNTIFS(JAWABAN!$AI$6:$AI$55,"B",SKOR!$AW$6:$AW$55,">"&(N_SISWA-N_GRUP))) -> 4 | K36: =IF($B36="","",COUNTIFS(JAWABAN!$AI$6:$AI$55,"C",SKOR!$AS$6:$AS$55,">=0")) -> 3 | L36: =IF($B36="","",IFERROR(K36/N_SISWA,0)) -> 0.096774194 | M36: =IF($B36="","",COUNTIFS(JAWABAN!$AI$6:$AI$55,"C",SKOR!$AW$6:$AW$55,"<="&N_GRUP)) -> 1 | N36: =IF($B36="","",COUNTIFS(JAWABAN!$AI$6:$AI$55,"C",SKOR!$AW$6:$AW$55,">"&(N_SISWA-N_GRUP))) -> 2 | O36: =IF($B36="","",COUNTIFS(JAWABAN!$AI$6:$AI$55,"D",SKOR!$AS$6:$AS$55,">=0")) -> 3 | P36: =IF($B36="","",IFERROR(O36/N_SISWA,0)) -> 0.096774194 | Q36: =IF($B36="","",COUNTIFS(JAWABAN!$AI$6:$AI$55,"D",SKOR!$AW$6:$AW$55,"<="&N_GRUP)) -> 0 | R36: =IF($B36="","",COUNTIFS(JAWABAN!$AI$6:$AI$55,"D",SKOR!$AW$6:$AW$55,">"&(N_SISWA-N_GRUP))) -> 1 | S36: =IF($B36="","",N_SISWA-(C36+G36+K36+O36)) -> 2 | T36: =IF($B36="","",($B36<>"A")*(D36>=PERSEN_PENGECOH)+($B36<>"B")*(H36>=PERSEN_PENGECOH)+($B36<>"C")*(L36>=PERSEN_PENGECOH)+($B36<>"D")*(P36>=PERSEN_PENGECOH)) -> 3 | U36: =IF($B36="","",IF(T36=3,"-",TRIM(IF(AND($B36<>"A",D36<PERSEN_PENGECOH),"A ","")&IF(AND($B36<>"B",H36<PERSEN_PENGECOH),"B ","")&IF(AND($B36<>"C",L36<PERSEN_PENGECOH),"C ","")&IF(AND($B36<>"D",P36<PERSEN_PENGECOH),"D ","")))) -> -
A37: 32 | B37: =ANALISIS!B37 -> B | C37: =IF($B37="","",COUNTIFS(JAWABAN!$AJ$6:$AJ$55,"A",SKOR!$AS$6:$AS$55,">=0")) -> 3 | D37: =IF($B37="","",IFERROR(C37/N_SISWA,0)) -> 0.096774194 | E37: =IF($B37="","",COUNTIFS(JAWABAN!$AJ$6:$AJ$55,"A",SKOR!$AW$6:$AW$55,"<="&N_GRUP)) -> 2 | F37: =IF($B37="","",COUNTIFS(JAWABAN!$AJ$6:$AJ$55,"A",SKOR!$AW$6:$AW$55,">"&(N_SISWA-N_GRUP))) -> 0 | G37: =IF($B37="","",COUNTIFS(JAWABAN!$AJ$6:$AJ$55,"B",SKOR!$AS$6:$AS$55,">=0")) -> 21 | H37: =IF($B37="","",IFERROR(G37/N_SISWA,0)) -> 0.67741935 | I37: =IF($B37="","",COUNTIFS(JAWABAN!$AJ$6:$AJ$55,"B",SKOR!$AW$6:$AW$55,"<="&N_GRUP)) -> 6 | J37: =IF($B37="","",COUNTIFS(JAWABAN!$AJ$6:$AJ$55,"B",SKOR!$AW$6:$AW$55,">"&(N_SISWA-N_GRUP))) -> 4 | K37: =IF($B37="","",COUNTIFS(JAWABAN!$AJ$6:$AJ$55,"C",SKOR!$AS$6:$AS$55,">=0")) -> 3 | L37: =IF($B37="","",IFERROR(K37/N_SISWA,0)) -> 0.096774194 | M37: =IF($B37="","",COUNTIFS(JAWABAN!$AJ$6:$AJ$55,"C",SKOR!$AW$6:$AW$55,"<="&N_GRUP)) -> 0 | N37: =IF($B37="","",COUNTIFS(JAWABAN!$AJ$6:$AJ$55,"C",SKOR!$AW$6:$AW$55,">"&(N_SISWA-N_GRUP))) -> 2 | O37: =IF($B37="","",COUNTIFS(JAWABAN!$AJ$6:$AJ$55,"D",SKOR!$AS$6:$AS$55,">=0")) -> 4 | P37: =IF($B37="","",IFERROR(O37/N_SISWA,0)) -> 0.12903226 | Q37: =IF($B37="","",COUNTIFS(JAWABAN!$AJ$6:$AJ$55,"D",SKOR!$AW$6:$AW$55,"<="&N_GRUP)) -> 0 | R37: =IF($B37="","",COUNTIFS(JAWABAN!$AJ$6:$AJ$55,"D",SKOR!$AW$6:$AW$55,">"&(N_SISWA-N_GRUP))) -> 2 | S37: =IF($B37="","",N_SISWA-(C37+G37+K37+O37)) -> 0 | T37: =IF($B37="","",($B37<>"A")*(D37>=PERSEN_PENGECOH)+($B37<>"B")*(H37>=PERSEN_PENGECOH)+($B37<>"C")*(L37>=PERSEN_PENGECOH)+($B37<>"D")*(P37>=PERSEN_PENGECOH)) -> 3 | U37: =IF($B37="","",IF(T37=3,"-",TRIM(IF(AND($B37<>"A",D37<PERSEN_PENGECOH),"A ","")&IF(AND($B37<>"B",H37<PERSEN_PENGECOH),"B ","")&IF(AND($B37<>"C",L37<PERSEN_PENGECOH),"C ","")&IF(AND($B37<>"D",P37<PERSEN_PENGECOH),"D ","")))) -> -
A38: 33 | B38: =ANALISIS!B38 -> D | C38: =IF($B38="","",COUNTIFS(JAWABAN!$AK$6:$AK$55,"A",SKOR!$AS$6:$AS$55,">=0")) -> 3 | D38: =IF($B38="","",IFERROR(C38/N_SISWA,0)) -> 0.096774194 | E38: =IF($B38="","",COUNTIFS(JAWABAN!$AK$6:$AK$55,"A",SKOR!$AW$6:$AW$55,"<="&N_GRUP)) -> 0 | F38: =IF($B38="","",COUNTIFS(JAWABAN!$AK$6:$AK$55,"A",SKOR!$AW$6:$AW$55,">"&(N_SISWA-N_GRUP))) -> 1 | G38: =IF($B38="","",COUNTIFS(JAWABAN!$AK$6:$AK$55,"B",SKOR!$AS$6:$AS$55,">=0")) -> 3 | H38: =IF($B38="","",IFERROR(G38/N_SISWA,0)) -> 0.096774194 | I38: =IF($B38="","",COUNTIFS(JAWABAN!$AK$6:$AK$55,"B",SKOR!$AW$6:$AW$55,"<="&N_GRUP)) -> 2 | J38: =IF($B38="","",COUNTIFS(JAWABAN!$AK$6:$AK$55,"B",SKOR!$AW$6:$AW$55,">"&(N_SISWA-N_GRUP))) -> 0 | K38: =IF($B38="","",COUNTIFS(JAWABAN!$AK$6:$AK$55,"C",SKOR!$AS$6:$AS$55,">=0")) -> 5 | L38: =IF($B38="","",IFERROR(K38/N_SISWA,0)) -> 0.16129032 | M38: =IF($B38="","",COUNTIFS(JAWABAN!$AK$6:$AK$55,"C",SKOR!$AW$6:$AW$55,"<="&N_GRUP)) -> 1 | N38: =IF($B38="","",COUNTIFS(JAWABAN!$AK$6:$AK$55,"C",SKOR!$AW$6:$AW$55,">"&(N_SISWA-N_GRUP))) -> 2 | O38: =IF($B38="","",COUNTIFS(JAWABAN!$AK$6:$AK$55,"D",SKOR!$AS$6:$AS$55,">=0")) -> 18 | P38: =IF($B38="","",IFERROR(O38/N_SISWA,0)) -> 0.58064516 | Q38: =IF($B38="","",COUNTIFS(JAWABAN!$AK$6:$AK$55,"D",SKOR!$AW$6:$AW$55,"<="&N_GRUP)) -> 5 | R38: =IF($B38="","",COUNTIFS(JAWABAN!$AK$6:$AK$55,"D",SKOR!$AW$6:$AW$55,">"&(N_SISWA-N_GRUP))) -> 3 | S38: =IF($B38="","",N_SISWA-(C38+G38+K38+O38)) -> 2 | T38: =IF($B38="","",($B38<>"A")*(D38>=PERSEN_PENGECOH)+($B38<>"B")*(H38>=PERSEN_PENGECOH)+($B38<>"C")*(L38>=PERSEN_PENGECOH)+($B38<>"D")*(P38>=PERSEN_PENGECOH)) -> 3 | U38: =IF($B38="","",IF(T38=3,"-",TRIM(IF(AND($B38<>"A",D38<PERSEN_PENGECOH),"A ","")&IF(AND($B38<>"B",H38<PERSEN_PENGECOH),"B ","")&IF(AND($B38<>"C",L38<PERSEN_PENGECOH),"C ","")&IF(AND($B38<>"D",P38<PERSEN_PENGECOH),"D ","")))) -> -
A39: 34 | B39: =ANALISIS!B39 -> B | C39: =IF($B39="","",COUNTIFS(JAWABAN!$AL$6:$AL$55,"A",SKOR!$AS$6:$AS$55,">=0")) -> 2 | D39: =IF($B39="","",IFERROR(C39/N_SISWA,0)) -> 0.064516129 | E39: =IF($B39="","",COUNTIFS(JAWABAN!$AL$6:$AL$55,"A",SKOR!$AW$6:$AW$55,"<="&N_GRUP)) -> 0 | F39: =IF($B39="","",COUNTIFS(JAWABAN!$AL$6:$AL$55,"A",SKOR!$AW$6:$AW$55,">"&(N_SISWA-N_GRUP))) -> 2 | G39: =IF($B39="","",COUNTIFS(JAWABAN!$AL$6:$AL$55,"B",SKOR!$AS$6:$AS$55,">=0")) -> 20 | H39: =IF($B39="","",IFERROR(G39/N_SISWA,0)) -> 0.64516129 | I39: =IF($B39="","",COUNTIFS(JAWABAN!$AL$6:$AL$55,"B",SKOR!$AW$6:$AW$55,"<="&N_GRUP)) -> 6 | J39: =IF($B39="","",COUNTIFS(JAWABAN!$AL$6:$AL$55,"B",SKOR!$AW$6:$AW$55,">"&(N_SISWA-N_GRUP))) -> 2 | K39: =IF($B39="","",COUNTIFS(JAWABAN!$AL$6:$AL$55,"C",SKOR!$AS$6:$AS$55,">=0")) -> 3 | L39: =IF($B39="","",IFERROR(K39/N_SISWA,0)) -> 0.096774194 | M39: =IF($B39="","",COUNTIFS(JAWABAN!$AL$6:$AL$55,"C",SKOR!$AW$6:$AW$55,"<="&N_GRUP)) -> 0 | N39: =IF($B39="","",COUNTIFS(JAWABAN!$AL$6:$AL$55,"C",SKOR!$AW$6:$AW$55,">"&(N_SISWA-N_GRUP))) -> 1 | O39: =IF($B39="","",COUNTIFS(JAWABAN!$AL$6:$AL$55,"D",SKOR!$AS$6:$AS$55,">=0")) -> 6 | P39: =IF($B39="","",IFERROR(O39/N_SISWA,0)) -> 0.19354839 | Q39: =IF($B39="","",COUNTIFS(JAWABAN!$AL$6:$AL$55,"D",SKOR!$AW$6:$AW$55,"<="&N_GRUP)) -> 2 | R39: =IF($B39="","",COUNTIFS(JAWABAN!$AL$6:$AL$55,"D",SKOR!$AW$6:$AW$55,">"&(N_SISWA-N_GRUP))) -> 3 | S39: =IF($B39="","",N_SISWA-(C39+G39+K39+O39)) -> 0 | T39: =IF($B39="","",($B39<>"A")*(D39>=PERSEN_PENGECOH)+($B39<>"B")*(H39>=PERSEN_PENGECOH)+($B39<>"C")*(L39>=PERSEN_PENGECOH)+($B39<>"D")*(P39>=PERSEN_PENGECOH)) -> 3 | U39: =IF($B39="","",IF(T39=3,"-",TRIM(IF(AND($B39<>"A",D39<PERSEN_PENGECOH),"A ","")&IF(AND($B39<>"B",H39<PERSEN_PENGECOH),"B ","")&IF(AND($B39<>"C",L39<PERSEN_PENGECOH),"C ","")&IF(AND($B39<>"D",P39<PERSEN_PENGECOH),"D ","")))) -> -
A40: 35 | B40: =ANALISIS!B40 -> A | C40: =IF($B40="","",COUNTIFS(JAWABAN!$AM$6:$AM$55,"A",SKOR!$AS$6:$AS$55,">=0")) -> 20 | D40: =IF($B40="","",IFERROR(C40/N_SISWA,0)) -> 0.64516129 | E40: =IF($B40="","",COUNTIFS(JAWABAN!$AM$6:$AM$55,"A",SKOR!$AW$6:$AW$55,"<="&N_GRUP)) -> 8 | F40: =IF($B40="","",COUNTIFS(JAWABAN!$AM$6:$AM$55,"A",SKOR!$AW$6:$AW$55,">"&(N_SISWA-N_GRUP))) -> 3 | G40: =IF($B40="","",COUNTIFS(JAWABAN!$AM$6:$AM$55,"B",SKOR!$AS$6:$AS$55,">=0")) -> 3 | H40: =IF($B40="","",IFERROR(G40/N_SISWA,0)) -> 0.096774194 | I40: =IF($B40="","",COUNTIFS(JAWABAN!$AM$6:$AM$55,"B",SKOR!$AW$6:$AW$55,"<="&N_GRUP)) -> 0 | J40: =IF($B40="","",COUNTIFS(JAWABAN!$AM$6:$AM$55,"B",SKOR!$AW$6:$AW$55,">"&(N_SISWA-N_GRUP))) -> 2 | K40: =IF($B40="","",COUNTIFS(JAWABAN!$AM$6:$AM$55,"C",SKOR!$AS$6:$AS$55,">=0")) -> 3 | L40: =IF($B40="","",IFERROR(K40/N_SISWA,0)) -> 0.096774194 | M40: =IF($B40="","",COUNTIFS(JAWABAN!$AM$6:$AM$55,"C",SKOR!$AW$6:$AW$55,"<="&N_GRUP)) -> 0 | N40: =IF($B40="","",COUNTIFS(JAWABAN!$AM$6:$AM$55,"C",SKOR!$AW$6:$AW$55,">"&(N_SISWA-N_GRUP))) -> 1 | O40: =IF($B40="","",COUNTIFS(JAWABAN!$AM$6:$AM$55,"D",SKOR!$AS$6:$AS$55,">=0")) -> 4 | P40: =IF($B40="","",IFERROR(O40/N_SISWA,0)) -> 0.12903226 | Q40: =IF($B40="","",COUNTIFS(JAWABAN!$AM$6:$AM$55,"D",SKOR!$AW$6:$AW$55,"<="&N_GRUP)) -> 0 | R40: =IF($B40="","",COUNTIFS(JAWABAN!$AM$6:$AM$55,"D",SKOR!$AW$6:$AW$55,">"&(N_SISWA-N_GRUP))) -> 2 | S40: =IF($B40="","",N_SISWA-(C40+G40+K40+O40)) -> 1 | T40: =IF($B40="","",($B40<>"A")*(D40>=PERSEN_PENGECOH)+($B40<>"B")*(H40>=PERSEN_PENGECOH)+($B40<>"C")*(L40>=PERSEN_PENGECOH)+($B40<>"D")*(P40>=PERSEN_PENGECOH)) -> 3 | U40: =IF($B40="","",IF(T40=3,"-",TRIM(IF(AND($B40<>"A",D40<PERSEN_PENGECOH),"A ","")&IF(AND($B40<>"B",H40<PERSEN_PENGECOH),"B ","")&IF(AND($B40<>"C",L40<PERSEN_PENGECOH),"C ","")&IF(AND($B40<>"D",P40<PERSEN_PENGECOH),"D ","")))) -> -
A41: 36 | B41: =ANALISIS!B41 -> B | C41: =IF($B41="","",COUNTIFS(JAWABAN!$AN$6:$AN$55,"A",SKOR!$AS$6:$AS$55,">=0")) -> 5 | D41: =IF($B41="","",IFERROR(C41/N_SISWA,0)) -> 0.16129032 | E41: =IF($B41="","",COUNTIFS(JAWABAN!$AN$6:$AN$55,"A",SKOR!$AW$6:$AW$55,"<="&N_GRUP)) -> 1 | F41: =IF($B41="","",COUNTIFS(JAWABAN!$AN$6:$AN$55,"A",SKOR!$AW$6:$AW$55,">"&(N_SISWA-N_GRUP))) -> 1 | G41: =IF($B41="","",COUNTIFS(JAWABAN!$AN$6:$AN$55,"B",SKOR!$AS$6:$AS$55,">=0")) -> 19 | H41: =IF($B41="","",IFERROR(G41/N_SISWA,0)) -> 0.61290323 | I41: =IF($B41="","",COUNTIFS(JAWABAN!$AN$6:$AN$55,"B",SKOR!$AW$6:$AW$55,"<="&N_GRUP)) -> 7 | J41: =IF($B41="","",COUNTIFS(JAWABAN!$AN$6:$AN$55,"B",SKOR!$AW$6:$AW$55,">"&(N_SISWA-N_GRUP))) -> 4 | K41: =IF($B41="","",COUNTIFS(JAWABAN!$AN$6:$AN$55,"C",SKOR!$AS$6:$AS$55,">=0")) -> 2 | L41: =IF($B41="","",IFERROR(K41/N_SISWA,0)) -> 0.064516129 | M41: =IF($B41="","",COUNTIFS(JAWABAN!$AN$6:$AN$55,"C",SKOR!$AW$6:$AW$55,"<="&N_GRUP)) -> 0 | N41: =IF($B41="","",COUNTIFS(JAWABAN!$AN$6:$AN$55,"C",SKOR!$AW$6:$AW$55,">"&(N_SISWA-N_GRUP))) -> 0 | O41: =IF($B41="","",COUNTIFS(JAWABAN!$AN$6:$AN$55,"D",SKOR!$AS$6:$AS$55,">=0")) -> 5 | P41: =IF($B41="","",IFERROR(O41/N_SISWA,0)) -> 0.16129032 | Q41: =IF($B41="","",COUNTIFS(JAWABAN!$AN$6:$AN$55,"D",SKOR!$AW$6:$AW$55,"<="&N_GRUP)) -> 0 | R41: =IF($B41="","",COUNTIFS(JAWABAN!$AN$6:$AN$55,"D",SKOR!$AW$6:$AW$55,">"&(N_SISWA-N_GRUP))) -> 3 | S41: =IF($B41="","",N_SISWA-(C41+G41+K41+O41)) -> 0 | T41: =IF($B41="","",($B41<>"A")*(D41>=PERSEN_PENGECOH)+($B41<>"B")*(H41>=PERSEN_PENGECOH)+($B41<>"C")*(L41>=PERSEN_PENGECOH)+($B41<>"D")*(P41>=PERSEN_PENGECOH)) -> 3 | U41: =IF($B41="","",IF(T41=3,"-",TRIM(IF(AND($B41<>"A",D41<PERSEN_PENGECOH),"A ","")&IF(AND($B41<>"B",H41<PERSEN_PENGECOH),"B ","")&IF(AND($B41<>"C",L41<PERSEN_PENGECOH),"C ","")&IF(AND($B41<>"D",P41<PERSEN_PENGECOH),"D ","")))) -> -
A42: 37 | B42: =ANALISIS!B42 -> B | C42: =IF($B42="","",COUNTIFS(JAWABAN!$AO$6:$AO$55,"A",SKOR!$AS$6:$AS$55,">=0")) -> 6 | D42: =IF($B42="","",IFERROR(C42/N_SISWA,0)) -> 0.19354839 | E42: =IF($B42="","",COUNTIFS(JAWABAN!$AO$6:$AO$55,"A",SKOR!$AW$6:$AW$55,"<="&N_GRUP)) -> 0 | F42: =IF($B42="","",COUNTIFS(JAWABAN!$AO$6:$AO$55,"A",SKOR!$AW$6:$AW$55,">"&(N_SISWA-N_GRUP))) -> 0 | G42: =IF($B42="","",COUNTIFS(JAWABAN!$AO$6:$AO$55,"B",SKOR!$AS$6:$AS$55,">=0")) -> 16 | H42: =IF($B42="","",IFERROR(G42/N_SISWA,0)) -> 0.51612903 | I42: =IF($B42="","",COUNTIFS(JAWABAN!$AO$6:$AO$55,"B",SKOR!$AW$6:$AW$55,"<="&N_GRUP)) -> 8 | J42: =IF($B42="","",COUNTIFS(JAWABAN!$AO$6:$AO$55,"B",SKOR!$AW$6:$AW$55,">"&(N_SISWA-N_GRUP))) -> 4 | K42: =IF($B42="","",COUNTIFS(JAWABAN!$AO$6:$AO$55,"C",SKOR!$AS$6:$AS$55,">=0")) -> 6 | L42: =IF($B42="","",IFERROR(K42/N_SISWA,0)) -> 0.19354839 | M42: =IF($B42="","",COUNTIFS(JAWABAN!$AO$6:$AO$55,"C",SKOR!$AW$6:$AW$55,"<="&N_GRUP)) -> 0 | N42: =IF($B42="","",COUNTIFS(JAWABAN!$AO$6:$AO$55,"C",SKOR!$AW$6:$AW$55,">"&(N_SISWA-N_GRUP))) -> 3 | O42: =IF($B42="","",COUNTIFS(JAWABAN!$AO$6:$AO$55,"D",SKOR!$AS$6:$AS$55,">=0")) -> 3 | P42: =IF($B42="","",IFERROR(O42/N_SISWA,0)) -> 0.096774194 | Q42: =IF($B42="","",COUNTIFS(JAWABAN!$AO$6:$AO$55,"D",SKOR!$AW$6:$AW$55,"<="&N_GRUP)) -> 0 | R42: =IF($B42="","",COUNTIFS(JAWABAN!$AO$6:$AO$55,"D",SKOR!$AW$6:$AW$55,">"&(N_SISWA-N_GRUP))) -> 1 | S42: =IF($B42="","",N_SISWA-(C42+G42+K42+O42)) -> 0 | T42: =IF($B42="","",($B42<>"A")*(D42>=PERSEN_PENGECOH)+($B42<>"B")*(H42>=PERSEN_PENGECOH)+($B42<>"C")*(L42>=PERSEN_PENGECOH)+($B42<>"D")*(P42>=PERSEN_PENGECOH)) -> 3 | U42: =IF($B42="","",IF(T42=3,"-",TRIM(IF(AND($B42<>"A",D42<PERSEN_PENGECOH),"A ","")&IF(AND($B42<>"B",H42<PERSEN_PENGECOH),"B ","")&IF(AND($B42<>"C",L42<PERSEN_PENGECOH),"C ","")&IF(AND($B42<>"D",P42<PERSEN_PENGECOH),"D ","")))) -> -
A43: 38 | B43: =ANALISIS!B43 -> B | C43: =IF($B43="","",COUNTIFS(JAWABAN!$AP$6:$AP$55,"A",SKOR!$AS$6:$AS$55,">=0")) -> 2 | D43: =IF($B43="","",IFERROR(C43/N_SISWA,0)) -> 0.064516129 | E43: =IF($B43="","",COUNTIFS(JAWABAN!$AP$6:$AP$55,"A",SKOR!$AW$6:$AW$55,"<="&N_GRUP)) -> 0 | F43: =IF($B43="","",COUNTIFS(JAWABAN!$AP$6:$AP$55,"A",SKOR!$AW$6:$AW$55,">"&(N_SISWA-N_GRUP))) -> 1 | G43: =IF($B43="","",COUNTIFS(JAWABAN!$AP$6:$AP$55,"B",SKOR!$AS$6:$AS$55,">=0")) -> 19 | H43: =IF($B43="","",IFERROR(G43/N_SISWA,0)) -> 0.61290323 | I43: =IF($B43="","",COUNTIFS(JAWABAN!$AP$6:$AP$55,"B",SKOR!$AW$6:$AW$55,"<="&N_GRUP)) -> 6 | J43: =IF($B43="","",COUNTIFS(JAWABAN!$AP$6:$AP$55,"B",SKOR!$AW$6:$AW$55,">"&(N_SISWA-N_GRUP))) -> 3 | K43: =IF($B43="","",COUNTIFS(JAWABAN!$AP$6:$AP$55,"C",SKOR!$AS$6:$AS$55,">=0")) -> 5 | L43: =IF($B43="","",IFERROR(K43/N_SISWA,0)) -> 0.16129032 | M43: =IF($B43="","",COUNTIFS(JAWABAN!$AP$6:$AP$55,"C",SKOR!$AW$6:$AW$55,"<="&N_GRUP)) -> 0 | N43: =IF($B43="","",COUNTIFS(JAWABAN!$AP$6:$AP$55,"C",SKOR!$AW$6:$AW$55,">"&(N_SISWA-N_GRUP))) -> 2 | O43: =IF($B43="","",COUNTIFS(JAWABAN!$AP$6:$AP$55,"D",SKOR!$AS$6:$AS$55,">=0")) -> 4 | P43: =IF($B43="","",IFERROR(O43/N_SISWA,0)) -> 0.12903226 | Q43: =IF($B43="","",COUNTIFS(JAWABAN!$AP$6:$AP$55,"D",SKOR!$AW$6:$AW$55,"<="&N_GRUP)) -> 2 | R43: =IF($B43="","",COUNTIFS(JAWABAN!$AP$6:$AP$55,"D",SKOR!$AW$6:$AW$55,">"&(N_SISWA-N_GRUP))) -> 1 | S43: =IF($B43="","",N_SISWA-(C43+G43+K43+O43)) -> 1 | T43: =IF($B43="","",($B43<>"A")*(D43>=PERSEN_PENGECOH)+($B43<>"B")*(H43>=PERSEN_PENGECOH)+($B43<>"C")*(L43>=PERSEN_PENGECOH)+($B43<>"D")*(P43>=PERSEN_PENGECOH)) -> 3 | U43: =IF($B43="","",IF(T43=3,"-",TRIM(IF(AND($B43<>"A",D43<PERSEN_PENGECOH),"A ","")&IF(AND($B43<>"B",H43<PERSEN_PENGECOH),"B ","")&IF(AND($B43<>"C",L43<PERSEN_PENGECOH),"C ","")&IF(AND($B43<>"D",P43<PERSEN_PENGECOH),"D ","")))) -> -
A44: 39 | B44: =ANALISIS!B44 -> D | C44: =IF($B44="","",COUNTIFS(JAWABAN!$AQ$6:$AQ$55,"A",SKOR!$AS$6:$AS$55,">=0")) -> 4 | D44: =IF($B44="","",IFERROR(C44/N_SISWA,0)) -> 0.12903226 | E44: =IF($B44="","",COUNTIFS(JAWABAN!$AQ$6:$AQ$55,"A",SKOR!$AW$6:$AW$55,"<="&N_GRUP)) -> 1 | F44: =IF($B44="","",COUNTIFS(JAWABAN!$AQ$6:$AQ$55,"A",SKOR!$AW$6:$AW$55,">"&(N_SISWA-N_GRUP))) -> 2 | G44: =IF($B44="","",COUNTIFS(JAWABAN!$AQ$6:$AQ$55,"B",SKOR!$AS$6:$AS$55,">=0")) -> 5 | H44: =IF($B44="","",IFERROR(G44/N_SISWA,0)) -> 0.16129032 | I44: =IF($B44="","",COUNTIFS(JAWABAN!$AQ$6:$AQ$55,"B",SKOR!$AW$6:$AW$55,"<="&N_GRUP)) -> 1 | J44: =IF($B44="","",COUNTIFS(JAWABAN!$AQ$6:$AQ$55,"B",SKOR!$AW$6:$AW$55,">"&(N_SISWA-N_GRUP))) -> 1 | K44: =IF($B44="","",COUNTIFS(JAWABAN!$AQ$6:$AQ$55,"C",SKOR!$AS$6:$AS$55,">=0")) -> 5 | L44: =IF($B44="","",IFERROR(K44/N_SISWA,0)) -> 0.16129032 | M44: =IF($B44="","",COUNTIFS(JAWABAN!$AQ$6:$AQ$55,"C",SKOR!$AW$6:$AW$55,"<="&N_GRUP)) -> 1 | N44: =IF($B44="","",COUNTIFS(JAWABAN!$AQ$6:$AQ$55,"C",SKOR!$AW$6:$AW$55,">"&(N_SISWA-N_GRUP))) -> 0 | O44: =IF($B44="","",COUNTIFS(JAWABAN!$AQ$6:$AQ$55,"D",SKOR!$AS$6:$AS$55,">=0")) -> 17 | P44: =IF($B44="","",IFERROR(O44/N_SISWA,0)) -> 0.5483871 | Q44: =IF($B44="","",COUNTIFS(JAWABAN!$AQ$6:$AQ$55,"D",SKOR!$AW$6:$AW$55,"<="&N_GRUP)) -> 5 | R44: =IF($B44="","",COUNTIFS(JAWABAN!$AQ$6:$AQ$55,"D",SKOR!$AW$6:$AW$55,">"&(N_SISWA-N_GRUP))) -> 5 | S44: =IF($B44="","",N_SISWA-(C44+G44+K44+O44)) -> 0 | T44: =IF($B44="","",($B44<>"A")*(D44>=PERSEN_PENGECOH)+($B44<>"B")*(H44>=PERSEN_PENGECOH)+($B44<>"C")*(L44>=PERSEN_PENGECOH)+($B44<>"D")*(P44>=PERSEN_PENGECOH)) -> 3 | U44: =IF($B44="","",IF(T44=3,"-",TRIM(IF(AND($B44<>"A",D44<PERSEN_PENGECOH),"A ","")&IF(AND($B44<>"B",H44<PERSEN_PENGECOH),"B ","")&IF(AND($B44<>"C",L44<PERSEN_PENGECOH),"C ","")&IF(AND($B44<>"D",P44<PERSEN_PENGECOH),"D ","")))) -> -
A45: 40 | B45: =ANALISIS!B45 -> C | C45: =IF($B45="","",COUNTIFS(JAWABAN!$AR$6:$AR$55,"A",SKOR!$AS$6:$AS$55,">=0")) -> 5 | D45: =IF($B45="","",IFERROR(C45/N_SISWA,0)) -> 0.16129032 | E45: =IF($B45="","",COUNTIFS(JAWABAN!$AR$6:$AR$55,"A",SKOR!$AW$6:$AW$55,"<="&N_GRUP)) -> 0 | F45: =IF($B45="","",COUNTIFS(JAWABAN!$AR$6:$AR$55,"A",SKOR!$AW$6:$AW$55,">"&(N_SISWA-N_GRUP))) -> 3 | G45: =IF($B45="","",COUNTIFS(JAWABAN!$AR$6:$AR$55,"B",SKOR!$AS$6:$AS$55,">=0")) -> 0 | H45: =IF($B45="","",IFERROR(G45/N_SISWA,0)) -> 0 | I45: =IF($B45="","",COUNTIFS(JAWABAN!$AR$6:$AR$55,"B",SKOR!$AW$6:$AW$55,"<="&N_GRUP)) -> 0 | J45: =IF($B45="","",COUNTIFS(JAWABAN!$AR$6:$AR$55,"B",SKOR!$AW$6:$AW$55,">"&(N_SISWA-N_GRUP))) -> 0 | K45: =IF($B45="","",COUNTIFS(JAWABAN!$AR$6:$AR$55,"C",SKOR!$AS$6:$AS$55,">=0")) -> 22 | L45: =IF($B45="","",IFERROR(K45/N_SISWA,0)) -> 0.70967742 | M45: =IF($B45="","",COUNTIFS(JAWABAN!$AR$6:$AR$55,"C",SKOR!$AW$6:$AW$55,"<="&N_GRUP)) -> 7 | N45: =IF($B45="","",COUNTIFS(JAWABAN!$AR$6:$AR$55,"C",SKOR!$AW$6:$AW$55,">"&(N_SISWA-N_GRUP))) -> 3 | O45: =IF($B45="","",COUNTIFS(JAWABAN!$AR$6:$AR$55,"D",SKOR!$AS$6:$AS$55,">=0")) -> 3 | P45: =IF($B45="","",IFERROR(O45/N_SISWA,0)) -> 0.096774194 | Q45: =IF($B45="","",COUNTIFS(JAWABAN!$AR$6:$AR$55,"D",SKOR!$AW$6:$AW$55,"<="&N_GRUP)) -> 1 | R45: =IF($B45="","",COUNTIFS(JAWABAN!$AR$6:$AR$55,"D",SKOR!$AW$6:$AW$55,">"&(N_SISWA-N_GRUP))) -> 2 | S45: =IF($B45="","",N_SISWA-(C45+G45+K45+O45)) -> 1 | T45: =IF($B45="","",($B45<>"A")*(D45>=PERSEN_PENGECOH)+($B45<>"B")*(H45>=PERSEN_PENGECOH)+($B45<>"C")*(L45>=PERSEN_PENGECOH)+($B45<>"D")*(P45>=PERSEN_PENGECOH)) -> 2 | U45: =IF($B45="","",IF(T45=3,"-",TRIM(IF(AND($B45<>"A",D45<PERSEN_PENGECOH),"A ","")&IF(AND($B45<>"B",H45<PERSEN_PENGECOH),"B ","")&IF(AND($B45<>"C",L45<PERSEN_PENGECOH),"C ","")&IF(AND($B45<>"D",P45<PERSEN_PENGECOH),"D ","")))) -> B

Sheet REKAP
A1: REKAPITULASI ANALISIS BUTIR SOAL
A2: =UPPER(NAMA_MADRASAH)&" | TAHUN PELAJARAN "&TAHUN_AJAR -> MTSN 3 SUBANG | TAHUN PELAJARAN 2025-2026
A3: =MAPEL&" | Kelas "&KELAS&" | Semester "&SEMESTER&" | "&JENIS_TES -> Bahasa Indonesia | Kelas IX G | Semester Ganjil | Penilaian Akhir Semester
A5: A. STATISTIK TES
A6: Jumlah peserta (N) | C6: =COUNT(SKOR!$AS$6:$AS$55) -> 31 | E6: Siswa yang namanya terisi di sheet JAWABAN
A7: Jumlah butir soal (k) | C7: =COUNTIF(KUNCI!$B$6:$B$45,"?*") -> 40 | E7: Nomor yang kuncinya terisi
A8: Skor tertinggi | C8: =IF(C6=0,"",MAX(SKOR!$AS$6:$AS$55)) -> 35
A9: Skor terendah | C9: =IF(C6=0,"",MIN(SKOR!$AS$6:$AS$55)) -> 13
A10: Rata-rata skor | C10: =IFERROR(AVERAGE(SKOR!$AS$6:$AS$55),"") -> 23.903226
A11: Simpangan baku skor (SD) | C11: =IFERROR(STDEVP(SKOR!$AS$6:$AS$55),"") -> 5.8660029 | E11: SD populasi
A12: Varians skor | C12: =IFERROR(VARP(SKOR!$AS$6:$AS$55),"") -> 34.40999
A13: Rata-rata nilai (skala 0-100) | C13: =IFERROR(AVERAGE(SKOR!$AT$6:$AT$55),"") -> 59.758065 | E13: Nilai = skor / jumlah butir x 100
A14: Jumlah siswa tuntas | C14: =COUNTIF(SKOR!$AU$6:$AU$55,"Tuntas") -> 6 | E14: Nilai >= KKM pada IDENTITAS
A15: Ketuntasan klasikal | C15: =IFERROR(C14/C6,"") -> 0.19354839
A16: Jumlah siswa tiap kelompok atas/bawah (n) | C16: =IF(C6=0,0,MAX(1,ROUND(PERSEN_GRUP*C6,0))) -> 8 | E16: Persentase kelompok pada IDENTITAS
A17: Derajat bebas (N - 2) | C17: =MAX(C6-2,0) -> 29
A18: r tabel (taraf signifikansi pada IDENTITAS) | C18: =IFERROR(TINV(TARAF_ALPHA,C17)/SQRT(C17+TINV(TARAF_ALPHA,C17)^2),"") -> 0.35504589 | E18: Dihitung dari distribusi t, setara tabel r Product Moment
A19: Jumlah p x q | C19: =SUM(ANALISIS!$O$6:$O$45) -> 9.3361082
A20: Reliabilitas KR-20 (r11) | C20: =IFERROR(K_SOAL/(K_SOAL-1)*(1-C19/VAR_SKOR),"") -> 0.74736441 | E20: k/(k-1) x (1 - Sum pq / Varians)
A21: Kategori reliabilitas | C21: =IF(C20="","",IF(C20>=0.8,"Sangat tinggi",IF(C20>=0.6,"Tinggi",IF(C20>=0.4,"Cukup",IF(C20>=0.2,"Rendah","Sangat rendah"))))) -> Tinggi | E21: >=0,80 sangat tinggi; 0,60-0,79 tinggi; 0,40-0,59 cukup; 0,20-0,39 rendah; <0,20 sangat rendah
A22: Reliabilitas KR-21 | C22: =IFERROR(K_SOAL/(K_SOAL-1)*(1-MEAN_SKOR*(K_SOAL-MEAN_SKOR)/(K_SOAL*VAR_SKOR)),"") -> 0.7389288 | E22: Pembanding KR-20
A23: Standar Error Pengukuran (SEM) | C23: =IFERROR(SD_SKOR*SQRT(1-C20),"") -> 2.9484213 | E23: SD x akar(1 - r11)
A25: B. RINGKASAN HASIL ANALISIS BUTIR
A26: Aspek | B26: Kategori | C26: Jumlah Butir | D26: Persentase | E26: Nomor Soal
A27: Validitas | B27: Valid | C27: =COUNTIF(ANALISIS!$N$6:$N$45,$B27) -> 16 | D27: =IFERROR(C27/K_SOAL,0) -> 0.4
B28: Tidak valid | C28: =COUNTIF(ANALISIS!$N$6:$N$45,$B28) -> 24 | D28: =IFERROR(C28/K_SOAL,0) -> 0.6
A29: Tingkat Kesukaran | B29: Sukar | C29: =COUNTIF(ANALISIS!$F$6:$F$45,$B29) -> 0 | D29: =IFERROR(C29/K_SOAL,0) -> 0
B30: Sedang | C30: =COUNTIF(ANALISIS!$F$6:$F$45,$B30) -> 35 | D30: =IFERROR(C30/K_SOAL,0) -> 0.875
B31: Mudah | C31: =COUNTIF(ANALISIS!$F$6:$F$45,$B31) -> 5 | D31: =IFERROR(C31/K_SOAL,0) -> 0.125
A32: Daya Pembeda | B32: Sangat jelek | C32: =COUNTIF(ANALISIS!$J$6:$J$45,$B32) -> 1 | D32: =IFERROR(C32/K_SOAL,0) -> 0.025
B33: Jelek | C33: =COUNTIF(ANALISIS!$J$6:$J$45,$B33) -> 8 | D33: =IFERROR(C33/K_SOAL,0) -> 0.2
B34: Cukup | C34: =COUNTIF(ANALISIS!$J$6:$J$45,$B34) -> 12 | D34: =IFERROR(C34/K_SOAL,0) -> 0.3
B35: Baik | C35: =COUNTIF(ANALISIS!$J$6:$J$45,$B35) -> 17 | D35: =IFERROR(C35/K_SOAL,0) -> 0.425
B36: Baik sekali | C36: =COUNTIF(ANALISIS!$J$6:$J$45,$B36) -> 2 | D36: =IFERROR(C36/K_SOAL,0) -> 0.05
A37: Pengecoh | B37: Semua pengecoh berfungsi | C37: =COUNTIF(PENGECOH!$T$6:$T$45,3) -> 33 | D37: =IFERROR(C37/K_SOAL,0) -> 0.825
B38: Ada pengecoh tidak berfungsi | C38: =K_SOAL-C37 -> 7 | D38: =IFERROR(C38/K_SOAL,0) -> 0.175
A39: Rekomendasi | B39: Diterima | C39: =COUNTIF(ANALISIS!$Q$6:$Q$45,$B39) -> 15 | D39: =IFERROR(C39/K_SOAL,0) -> 0.375 | E39: =IFERROR(_xlfn.TEXTJOIN(", ",TRUE(),ANALISIS!$T$6:$T$45),"") -> 6, 7, 11, 12, 14, 15, 16, 18, 21, 24, 27, 28, 29, 35, 37
B40: Direvisi | C40: =COUNTIF(ANALISIS!$Q$6:$Q$45,$B40) -> 13 | D40: =IFERROR(C40/K_SOAL,0) -> 0.325 | E40: =IFERROR(_xlfn.TEXTJOIN(", ",TRUE(),ANALISIS!$U$6:$U$45),"") -> 2, 5, 9, 10, 20, 22, 26, 30, 32, 33, 34, 36, 38
B41: Diganti/Dibuang | C41: =COUNTIF(ANALISIS!$Q$6:$Q$45,$B41) -> 12 | D41: =IFERROR(C41/K_SOAL,0) -> 0.3 | E41: =IFERROR(_xlfn.TEXTJOIN(", ",TRUE(),ANALISIS!$V$6:$V$45),"") -> 1, 3, 4, 8, 13, 17, 19, 23, 25, 31, 39, 40
A43: C. KESIMPULAN OTOMATIS
A44: =IFERROR("1. Tes diikuti "&C6&" peserta dengan "&C7&" butir soal; rata-rata nilai "&TEXT(C13,"0.00")&" dan ketuntasan klasikal "&TEXT(C15,"0.0%")&".","Data belum lengkap.") -> 1. Tes diikuti 31 peserta dengan 40 butir soal; rata-rata nilai 59.76 dan ketuntasan klasikal 19.4%.
A45: =IFERROR("2. Reliabilitas tes (KR-20) = "&TEXT(C20,"0.000")&", termasuk kategori "&LOWER(C21)&".","Reliabilitas belum dapat dihitung.") -> 2. Reliabilitas tes (KR-20) = 0.747, termasuk kategori tinggi.
A46: =IFERROR("3. Dari "&C7&" butir: "&C39&" diterima, "&C40&" direvisi, dan "&C41&" diganti/dibuang; "&C27&" butir valid.","Rekomendasi belum dapat dihitung.") -> 3. Dari 40 butir: 15 diterima, 13 direvisi, dan 12 diganti/dibuang; 16 butir valid.
E49: =TEMPAT_TTD&", "&TANGGAL_ANALISIS -> Subang, Senin, 01 Desember 2025
A50: Mengetahui, | E50: Guru Mata Pelajaran,
A51: Kepala Madrasah,
A55: =KEPALA_NAMA -> Rosih, S.Ag | E55: =GURU_NAMA -> Enok Demiyati, S.Pd.
A56: ="NIP. "&NIP_KEPALA -> NIP. 197010281994032001 | E56: ="NIP. "&NIP_GURU -> NIP. 196906252005012003

Sheet REMEDIAL_PENGAYAAN
A1: PROGRAM REMEDIAL DAN PENGAYAAN
A2: =UPPER(NAMA_MADRASAH)&" | TAHUN PELAJARAN "&TAHUN_AJAR -> MTSN 3 SUBANG | TAHUN PELAJARAN 2025-2026
A3: =MAPEL&" | Kelas "&KELAS&" | Semester "&SEMESTER&" | "&JENIS_TES -> Bahasa Indonesia | Kelas IX G | Semester Ganjil | Penilaian Akhir Semester
A4: Kuning, huruf biru = isian yang boleh diubah. Selain itu terisi otomatis dari sheet NILAI, ANALISIS, dan KUNCI.
A6: A. DASAR PENETAPAN PROGRAM
A7: Jumlah peserta | E7: =N_SISWA -> 31 | F7: Dari sheet REKAP
A8: KKM / KKTP | E8: =NILAI_KKM -> 75 | F8: Dari sheet IDENTITAS
A9: Siswa tuntas (nilai >= KKM): program pengayaan | E9: =COUNTIF($F$43:$F$92,"Pengayaan") -> 6
